// images.h
// contains image buffers for simple space invaders
// Jonathan Valvano, March 5, 2018
// Capture image dimensions from BMP files

#ifndef __images_h
#define __images_h
#include <stdint.h>


// *************************** Images ***************************
// enemy ship that starts at the top of the screen (arms/mouth closed)
// includes two blacked out columns on the left and right sides of the image to prevent smearing when moved 2 pixels to the left or right
// includes one blacked out row on the top and bottom sides of the image to prevent smearing when moved 1 pixels to the up or down
// width=16 x height=10
const uint16_t SmallEnemy10pointA[] = {
 0x0000, 0x0000, 0x0000, 0x0000, 0x0000, 0x0000, 0x0000, 0x0000, 0x0000, 0x0000, 0x0000, 0x0000, 0x0000, 0x0000, 0x0000, 0x0000,
 0x0000, 0x0000, 0x0000, 0x0000, 0x0000, 0xFFFF, 0xFFFF, 0x0000, 0x0000, 0xFFFF, 0xFFFF, 0x0000, 0x0000, 0x0000, 0x0000, 0x0000,
 0x0000, 0x0000, 0xFFFF, 0x0000, 0xFFFF, 0x0000, 0x0000, 0x0000, 0x0000, 0x0000, 0x0000, 0xFFFF, 0x0000, 0xFFFF, 0x0000, 0x0000,
 0x0000, 0x0000, 0xFFFF, 0xFFFF, 0xFFFF, 0xFFFF, 0xFFFF, 0xFFFF, 0xFFFF, 0xFFFF, 0xFFFF, 0xFFFF, 0xFFFF, 0xFFFF, 0x0000, 0x0000,
 0x0000, 0x0000, 0xFFFF, 0xFFFF, 0xFFFF, 0xFFFF, 0xFFFF, 0xFFFF, 0xFFFF, 0xFFFF, 0xFFFF, 0xFFFF, 0xFFFF, 0xFFFF, 0x0000, 0x0000,
 0x0000, 0x0000, 0x0000, 0xFFFF, 0xFFFF, 0x0000, 0xFFFF, 0xFFFF, 0xFFFF, 0xFFFF, 0x0000, 0xFFFF, 0xFFFF, 0x0000, 0x0000, 0x0000,
 0x0000, 0x0000, 0x0000, 0x0000, 0xFFFF, 0xFFFF, 0xFFFF, 0xFFFF, 0xFFFF, 0xFFFF, 0xFFFF, 0xFFFF, 0x0000, 0x0000, 0x0000, 0x0000,
 0x0000, 0x0000, 0x0000, 0x0000, 0x0000, 0xFFFF, 0x0000, 0x0000, 0x0000, 0x0000, 0xFFFF, 0x0000, 0x0000, 0x0000, 0x0000, 0x0000,
 0x0000, 0x0000, 0x0000, 0x0000, 0xFFFF, 0x0000, 0x0000, 0x0000, 0x0000, 0x0000, 0x0000, 0xFFFF, 0x0000, 0x0000, 0x0000, 0x0000,
 0x0000, 0x0000, 0x0000, 0x0000, 0x0000, 0x0000, 0x0000, 0x0000, 0x0000, 0x0000, 0x0000, 0x0000, 0x0000, 0x0000, 0x0000, 0x0000,
};




// enemy ship that starts at the top of the screen (arms/mouth open)
// includes two blacked out columns on the left and right sides of the image to prevent smearing when moved 2 pixels to the left or right
// includes one blacked out row on the top and bottom sides of the image to prevent smearing when moved 1 pixels to the up or down
// width=16 x height=10
const uint16_t SmallEnemy10pointB[] = {
 0x0000, 0x0000, 0x0000, 0x0000, 0x0000, 0x0000, 0x0000, 0x0000, 0x0000, 0x0000, 0x0000, 0x0000, 0x0000, 0x0000, 0x0000, 0x0000,
 0x0000, 0x0000, 0x0000, 0xFFFF, 0x0000, 0x0000, 0x0000, 0x0000, 0x0000, 0x0000, 0x0000, 0x0000, 0xFFFF, 0x0000, 0x0000, 0x0000,
 0x0000, 0x0000, 0x0000, 0x0000, 0xFFFF, 0x0000, 0x0000, 0x0000, 0x0000, 0x0000, 0x0000, 0xFFFF, 0x0000, 0x0000, 0x0000, 0x0000,
 0x0000, 0x0000, 0x0000, 0xFFFF, 0xFFFF, 0xFFFF, 0xFFFF, 0xFFFF, 0xFFFF, 0xFFFF, 0xFFFF, 0xFFFF, 0xFFFF, 0x0000, 0x0000, 0x0000,
 0x0000, 0x0000, 0xFFFF, 0xFFFF, 0xFFFF, 0xFFFF, 0xFFFF, 0xFFFF, 0xFFFF, 0xFFFF, 0xFFFF, 0xFFFF, 0xFFFF, 0xFFFF, 0x0000, 0x0000,
 0x0000, 0x0000, 0xFFFF, 0xFFFF, 0xFFFF, 0x0000, 0xFFFF, 0xFFFF, 0xFFFF, 0xFFFF, 0x0000, 0xFFFF, 0xFFFF, 0xFFFF, 0x0000, 0x0000,
 0x0000, 0x0000, 0xFFFF, 0x0000, 0xFFFF, 0xFFFF, 0xFFFF, 0xFFFF, 0xFFFF, 0xFFFF, 0xFFFF, 0xFFFF, 0x0000, 0xFFFF, 0x0000, 0x0000,
 0x0000, 0x0000, 0xFFFF, 0x0000, 0x0000, 0xFFFF, 0x0000, 0x0000, 0x0000, 0x0000, 0xFFFF, 0x0000, 0x0000, 0xFFFF, 0x0000, 0x0000,
 0x0000, 0x0000, 0x0000, 0x0000, 0xFFFF, 0x0000, 0x0000, 0x0000, 0x0000, 0x0000, 0x0000, 0xFFFF, 0x0000, 0x0000, 0x0000, 0x0000,
 0x0000, 0x0000, 0x0000, 0x0000, 0x0000, 0x0000, 0x0000, 0x0000, 0x0000, 0x0000, 0x0000, 0x0000, 0x0000, 0x0000, 0x0000, 0x0000,
};

// enemy ship that starts in the middle of the screen (arms together)
// includes two blacked out columns on the left and right sides of the image to prevent smearing when moved 2 pixels to the left or right
// includes one blacked out row on the top and bottom sides of the image to prevent smearing when moved 1 pixels to the up or down
// width=16 x height=10
const uint16_t SmallEnemy20pointA[] = {
 0x0000, 0x0000, 0x0000, 0x0000, 0x0000, 0x0000, 0x0000, 0x0000, 0x0000, 0x0000, 0x0000, 0x0000, 0x0000, 0x0000, 0x0000, 0x0000,
 0x0000, 0x0000, 0x0000, 0x0000, 0xFFFF, 0xFFFF, 0x0000, 0x0000, 0x0000, 0x0000, 0xFFFF, 0xFFFF, 0x0000, 0x0000, 0x0000, 0x0000,
 0x0000, 0x0000, 0x0000, 0xFFFF, 0xFFFF, 0x0000, 0x0000, 0xFFFF, 0xFFFF, 0x0000, 0x0000, 0xFFFF, 0xFFFF, 0x0000, 0x0000, 0x0000,
 0x0000, 0x0000, 0x0000, 0x0000, 0xFFFF, 0xFFFF, 0xFFFF, 0x0000, 0x0000, 0xFFFF, 0xFFFF, 0xFFFF, 0x0000, 0x0000, 0x0000, 0x0000,
 0x0000, 0x0000, 0xFFFF, 0xFFFF, 0xFFFF, 0xFFFF, 0xFFFF, 0xFFFF, 0xFFFF, 0xFFFF, 0xFFFF, 0xFFFF, 0xFFFF, 0xFFFF, 0x0000, 0x0000,
 0x0000, 0x0000, 0xFFFF, 0xFFFF, 0xFFFF, 0x0000, 0x0000, 0xFFFF, 0xFFFF, 0x0000, 0x0000, 0xFFFF, 0xFFFF, 0xFFFF, 0x0000, 0x0000,
 0x0000, 0x0000, 0xFFFF, 0xFFFF, 0xFFFF, 0xFFFF, 0xFFFF, 0xFFFF, 0xFFFF, 0xFFFF, 0xFFFF, 0xFFFF, 0xFFFF, 0xFFFF, 0x0000, 0x0000,
 0x0000, 0x0000, 0x0000, 0xFFFF, 0xFFFF, 0xFFFF, 0xFFFF, 0xFFFF, 0xFFFF, 0xFFFF, 0xFFFF, 0xFFFF, 0xFFFF, 0x0000, 0x0000, 0x0000,
 0x0000, 0x0000, 0x0000, 0x0000, 0x0000, 0x0000, 0xFFFF, 0xFFFF, 0xFFFF, 0xFFFF, 0x0000, 0x0000, 0x0000, 0x0000, 0x0000, 0x0000,
 0x0000, 0x0000, 0x0000, 0x0000, 0x0000, 0x0000, 0x0000, 0x0000, 0x0000, 0x0000, 0x0000, 0x0000, 0x0000, 0x0000, 0x0000, 0x0000,
};

// enemy ship that starts in the middle of the screen (arms apart)
// includes two blacked out columns on the left and right sides of the image to prevent smearing when moved 2 pixels to the left or right
// includes one blacked out row on the top and bottom sides of the image to prevent smearing when moved 1 pixels to the up or down
// width=16 x height=10
const uint16_t SmallEnemy20pointB[] = {
 0x0000, 0x0000, 0x0000, 0x0000, 0x0000, 0x0000, 0x0000, 0x0000, 0x0000, 0x0000, 0x0000, 0x0000, 0x0000, 0x0000, 0x0000, 0x0000,
 0x0000, 0xFFFF, 0xFFFF, 0x0000, 0x0000, 0x0000, 0x0000, 0x0000, 0x0000, 0x0000, 0x0000, 0x0000, 0x0000, 0xFFFF, 0xFFFF, 0x0000,
 0x0000, 0x0000, 0x0000, 0xFFFF, 0xFFFF, 0x0000, 0x0000, 0xFFFF, 0xFFFF, 0x0000, 0x0000, 0xFFFF, 0xFFFF, 0x0000, 0x0000, 0x0000,
 0x0000, 0x0000, 0x0000, 0x0000, 0xFFFF, 0xFFFF, 0xFFFF, 0x0000, 0x0000, 0xFFFF, 0xFFFF, 0xFFFF, 0x0000, 0x0000, 0x0000, 0x0000,
 0x0000, 0x0000, 0xFFFF, 0xFFFF, 0xFFFF, 0xFFFF, 0xFFFF, 0xFFFF, 0xFFFF, 0xFFFF, 0xFFFF, 0xFFFF, 0xFFFF, 0xFFFF, 0x0000, 0x0000,
 0x0000, 0x0000, 0xFFFF, 0xFFFF, 0xFFFF, 0x0000, 0x0000, 0xFFFF, 0xFFFF, 0x0000, 0x0000, 0xFFFF, 0xFFFF, 0xFFFF, 0x0000, 0x0000,
 0x0000, 0x0000, 0xFFFF, 0xFFFF, 0xFFFF, 0xFFFF, 0xFFFF, 0xFFFF, 0xFFFF, 0xFFFF, 0xFFFF, 0xFFFF, 0xFFFF, 0xFFFF, 0x0000, 0x0000,
 0x0000, 0x0000, 0x0000, 0xFFFF, 0xFFFF, 0xFFFF, 0xFFFF, 0xFFFF, 0xFFFF, 0xFFFF, 0xFFFF, 0xFFFF, 0xFFFF, 0x0000, 0x0000, 0x0000,
 0x0000, 0x0000, 0x0000, 0x0000, 0x0000, 0x0000, 0xFFFF, 0xFFFF, 0xFFFF, 0xFFFF, 0x0000, 0x0000, 0x0000, 0x0000, 0x0000, 0x0000,
 0x0000, 0x0000, 0x0000, 0x0000, 0x0000, 0x0000, 0x0000, 0x0000, 0x0000, 0x0000, 0x0000, 0x0000, 0x0000, 0x0000, 0x0000, 0x0000,
};


// enemy ship that starts at the bottom of the screen (arms down)
// includes two blacked out columns on the left and right sides of the image to prevent smearing when moved 2 pixels to the left or right
// includes one blacked out row on the top and bottom sides of the image to prevent smearing when moved 1 pixels to the up or down
// width=16 x height=10
const uint16_t SmallEnemy30pointA[] = {
 0x0000, 0x0000, 0x0000, 0x0000, 0x0000, 0x0000, 0x0000, 0x0000, 0x0000, 0x0000, 0x0000, 0x0000, 0x0000, 0x0000, 0x0000, 0x0000,
 0x0000, 0x0000, 0x0000, 0x0000, 0x0000, 0xFFFF, 0x0000, 0x0000, 0x0000, 0x0000, 0xFFFF, 0x0000, 0x0000, 0x0000, 0x0000, 0x0000,
 0x0000, 0x0000, 0x0000, 0x0000, 0xFFFF, 0x0000, 0x0000, 0x0000, 0x0000, 0x0000, 0x0000, 0xFFFF, 0x0000, 0x0000, 0x0000, 0x0000,
 0x0000, 0x0000, 0x0000, 0x0000, 0x0000, 0xFFFF, 0x0000, 0xFFFF, 0xFFFF, 0x0000, 0xFFFF, 0x0000, 0x0000, 0x0000, 0x0000, 0x0000,
 0x0000, 0x0000, 0x0000, 0x0000, 0xFFFF, 0xFFFF, 0xFFFF, 0xFFFF, 0xFFFF, 0xFFFF, 0xFFFF, 0xFFFF, 0x0000, 0x0000, 0x0000, 0x0000,
 0x0000, 0x0000, 0x0000, 0x0000, 0xFFFF, 0xFFFF, 0x0000, 0xFFFF, 0xFFFF, 0x0000, 0xFFFF, 0xFFFF, 0x0000, 0x0000, 0x0000, 0x0000,
 0x0000, 0x0000, 0x0000, 0x0000, 0x0000, 0xFFFF, 0xFFFF, 0xFFFF, 0xFFFF, 0xFFFF, 0xFFFF, 0x0000, 0x0000, 0x0000, 0x0000, 0x0000,
 0x0000, 0x0000, 0x0000, 0x0000, 0x0000, 0x0000, 0xFFFF, 0xFFFF, 0xFFFF, 0xFFFF, 0x0000, 0x0000, 0x0000, 0x0000, 0x0000, 0x0000,
 0x0000, 0x0000, 0x0000, 0x0000, 0x0000, 0x0000, 0x0000, 0xFFFF, 0xFFFF, 0x0000, 0x0000, 0x0000, 0x0000, 0x0000, 0x0000, 0x0000,
 0x0000, 0x0000, 0x0000, 0x0000, 0x0000, 0x0000, 0x0000, 0x0000, 0x0000, 0x0000, 0x0000, 0x0000, 0x0000, 0x0000, 0x0000, 0x0000,
};

// enemy ship that starts at the bottom of the screen (arms up)
// includes two blacked out columns on the left and right sides of the image to prevent smearing when moved 2 pixels to the left or right
// includes one blacked out row on the top and bottom sides of the image to prevent smearing when moved 1 pixels to the up or down
// width=16 x height=10
const uint16_t SmallEnemy30pointB[] = {
 0x0000, 0x0000, 0x0000, 0x0000, 0x0000, 0x0000, 0x0000, 0x0000, 0x0000, 0x0000, 0x0000, 0x0000, 0x0000, 0x0000, 0x0000, 0x0000,
 0x0000, 0x0000, 0x0000, 0xFFFF, 0x0000, 0xFFFF, 0x0000, 0x0000, 0x0000, 0x0000, 0xFFFF, 0x0000, 0xFFFF, 0x0000, 0x0000, 0x0000,
 0x0000, 0x0000, 0x0000, 0x0000, 0xFFFF, 0x0000, 0xFFFF, 0xFFFF, 0xFFFF, 0xFFFF, 0x0000, 0xFFFF, 0x0000, 0x0000, 0x0000, 0x0000,
 0x0000, 0x0000, 0x0000, 0x0000, 0x0000, 0xFFFF, 0x0000, 0x0000, 0x0000, 0x0000, 0xFFFF, 0x0000, 0x0000, 0x0000, 0x0000, 0x0000,
 0x0000, 0x0000, 0x0000, 0x0000, 0xFFFF, 0xFFFF, 0xFFFF, 0xFFFF, 0xFFFF, 0xFFFF, 0xFFFF, 0xFFFF, 0x0000, 0x0000, 0x0000, 0x0000,
 0x0000, 0x0000, 0x0000, 0x0000, 0xFFFF, 0xFFFF, 0x0000, 0xFFFF, 0xFFFF, 0x0000, 0xFFFF, 0xFFFF, 0x0000, 0x0000, 0x0000, 0x0000,
 0x0000, 0x0000, 0x0000, 0x0000, 0x0000, 0xFFFF, 0xFFFF, 0xFFFF, 0xFFFF, 0xFFFF, 0xFFFF, 0x0000, 0x0000, 0x0000, 0x0000, 0x0000,
 0x0000, 0x0000, 0x0000, 0x0000, 0x0000, 0x0000, 0xFFFF, 0xFFFF, 0xFFFF, 0xFFFF, 0x0000, 0x0000, 0x0000, 0x0000, 0x0000, 0x0000,
 0x0000, 0x0000, 0x0000, 0x0000, 0x0000, 0x0000, 0x0000, 0xFFFF, 0xFFFF, 0x0000, 0x0000, 0x0000, 0x0000, 0x0000, 0x0000, 0x0000,
 0x0000, 0x0000, 0x0000, 0x0000, 0x0000, 0x0000, 0x0000, 0x0000, 0x0000, 0x0000, 0x0000, 0x0000, 0x0000, 0x0000, 0x0000, 0x0000,
};

// image of the player's ship
// includes two blacked out columns on the left and right sides of the image to prevent smearing when moved 2 pixels to the left or right
// width=18 x height=8
const uint16_t PlayerShip0[] = {
 0x0000, 0x0000, 0x07E0, 0x07E0, 0x07E0, 0x07E0, 0x07E0, 0x07E0, 0x07E0, 0x07E0, 0x07E0, 0x07E0, 0x07E0, 0x07E0, 0x07E0, 0x07E0, 0x0000, 0x0000,
 0x0000, 0x0000, 0x07E0, 0x07E0, 0x07E0, 0x07E0, 0x07E0, 0x07E0, 0x07E0, 0x07E0, 0x07E0, 0x07E0, 0x07E0, 0x07E0, 0x07E0, 0x07E0, 0x0000, 0x0000,
 0x0000, 0x0000, 0x07E0, 0x07E0, 0x07E0, 0x07E0, 0x07E0, 0x07E0, 0x07E0, 0x07E0, 0x07E0, 0x07E0, 0x07E0, 0x07E0, 0x07E0, 0x07E0, 0x0000, 0x0000,
 0x0000, 0x0000, 0x0000, 0x07E0, 0x07E0, 0x07E0, 0x07E0, 0x07E0, 0x07E0, 0x07E0, 0x07E0, 0x07E0, 0x07E0, 0x07E0, 0x07E0, 0x0000, 0x0000, 0x0000,
 0x0000, 0x0000, 0x0000, 0x0000, 0x0000, 0x0000, 0x0000, 0x07E0, 0x07E0, 0x07E0, 0x07E0, 0x0000, 0x0000, 0x0000, 0x0000, 0x0000, 0x0000, 0x0000,
 0x0000, 0x0000, 0x0000, 0x0000, 0x0000, 0x0000, 0x0000, 0x07E0, 0x07E0, 0x07E0, 0x07E0, 0x0000, 0x0000, 0x0000, 0x0000, 0x0000, 0x0000, 0x0000,
 0x0000, 0x0000, 0x0000, 0x0000, 0x0000, 0x0000, 0x0000, 0x0000, 0x07E0, 0x07E0, 0x0000, 0x0000, 0x0000, 0x0000, 0x0000, 0x0000, 0x0000, 0x0000,
 0x0000, 0x0000, 0x0000, 0x0000, 0x0000, 0x0000, 0x0000, 0x0000, 0x0000, 0x0000, 0x0000, 0x0000, 0x0000, 0x0000, 0x0000, 0x0000, 0x0000, 0x0000
};
// image of the player's ship, some damage
// includes two blacked out columns on the left and right sides of the image to prevent smearing when moved 2 pixels to the left or right
// width=18 x height=8
const uint16_t PlayerShip1[] = {
 0x0000, 0x0000, 0x07E0, 0x07E0, 0x001F, 0x001F, 0x07E0, 0x07E0, 0x07E0, 0x07E0, 0x07E0, 0x07E0, 0x07E0, 0x07E0, 0x07E0, 0x07E0, 0x0000, 0x0000,
 0x0000, 0x0000, 0x07E0, 0x001F, 0x001F, 0x001F, 0x001F, 0x07E0, 0x07E0, 0x07E0, 0x07E0, 0x07E0, 0x07E0, 0x07E0, 0x07E0, 0x07E0, 0x0000, 0x0000,
 0x0000, 0x0000, 0x07E0, 0x07E0, 0x001F, 0x001F, 0x07E0, 0x07E0, 0x07E0, 0x07E0, 0x07E0, 0x07E0, 0x07E0, 0x07E0, 0x07E0, 0x07E0, 0x0000, 0x0000,
 0x0000, 0x0000, 0x0000, 0x07E0, 0x07E0, 0x07E0, 0x07E0, 0x07E0, 0x07E0, 0x07E0, 0x07E0, 0x07E0, 0x07E0, 0x07E0, 0x07E0, 0x0000, 0x0000, 0x0000,
 0x0000, 0x0000, 0x0000, 0x0000, 0x0000, 0x0000, 0x0000, 0x07E0, 0x07E0, 0x07E0, 0x07E0, 0x0000, 0x0000, 0x0000, 0x0000, 0x0000, 0x0000, 0x0000,
 0x0000, 0x0000, 0x0000, 0x0000, 0x0000, 0x0000, 0x0000, 0x07E0, 0x07E0, 0x07E0, 0x07E0, 0x0000, 0x0000, 0x0000, 0x0000, 0x0000, 0x0000, 0x0000,
 0x0000, 0x0000, 0x0000, 0x0000, 0x0000, 0x0000, 0x0000, 0x0000, 0x07E0, 0x07E0, 0x0000, 0x0000, 0x0000, 0x0000, 0x0000, 0x0000, 0x0000, 0x0000,
 0x0000, 0x0000, 0x0000, 0x0000, 0x0000, 0x0000, 0x0000, 0x0000, 0x0000, 0x0000, 0x0000, 0x0000, 0x0000, 0x0000, 0x0000, 0x0000, 0x0000, 0x0000
};
// image of the player's ship, more damage
// includes two blacked out columns on the left and right sides of the image to prevent smearing when moved 2 pixels to the left or right
// width=18 x height=8
const uint16_t PlayerShip2[] = {
 0x0000, 0x0000, 0x07E0, 0x07E0, 0x001F, 0x001F, 0x001F, 0x07E0, 0x07E0, 0x07E0, 0x07E0, 0x001F, 0x001F, 0x001F, 0x07E0, 0x07E0, 0x0000, 0x0000,
 0x0000, 0x0000, 0x07E0, 0x001F, 0x001F, 0x001F, 0x001F, 0x001F, 0x07E0, 0x07E0, 0x001F, 0x001F, 0x001F, 0x001F, 0x001F, 0x07E0, 0x0000, 0x0000,
 0x0000, 0x0000, 0x07E0, 0x07E0, 0x001F, 0x001F, 0x001F, 0x07E0, 0x07E0, 0x07E0, 0x07E0, 0x001F, 0x001F, 0x001F, 0x07E0, 0x07E0, 0x0000, 0x0000,
 0x0000, 0x0000, 0x0000, 0x07E0, 0x07E0, 0x07E0, 0x07E0, 0x07E0, 0x07E0, 0x07E0, 0x07E0, 0x07E0, 0x07E0, 0x07E0, 0x07E0, 0x0000, 0x0000, 0x0000,
 0x0000, 0x0000, 0x0000, 0x0000, 0x0000, 0x0000, 0x0000, 0x07E0, 0x07E0, 0x07E0, 0x07E0, 0x0000, 0x0000, 0x0000, 0x0000, 0x0000, 0x0000, 0x0000,
 0x0000, 0x0000, 0x0000, 0x0000, 0x0000, 0x0000, 0x0000, 0x07E0, 0x07E0, 0x07E0, 0x07E0, 0x0000, 0x0000, 0x0000, 0x0000, 0x0000, 0x0000, 0x0000,
 0x0000, 0x0000, 0x0000, 0x0000, 0x0000, 0x0000, 0x0000, 0x0000, 0x07E0, 0x07E0, 0x0000, 0x0000, 0x0000, 0x0000, 0x0000, 0x0000, 0x0000, 0x0000,
 0x0000, 0x0000, 0x0000, 0x0000, 0x0000, 0x0000, 0x0000, 0x0000, 0x0000, 0x0000, 0x0000, 0x0000, 0x0000, 0x0000, 0x0000, 0x0000, 0x0000, 0x0000
};
// image of the player's ship, lots of damage
// includes two blacked out columns on the left and right sides of the image to prevent smearing when moved 2 pixels to the left or right
// width=18 x height=8
const uint16_t PlayerShip3[] = {
 0x0000, 0x0000, 0x001F, 0x07E0, 0x001F, 0x001F, 0x001F, 0x07E0, 0x001F, 0x001F, 0x07E0, 0x001F, 0x001F, 0x001F, 0x07E0, 0x001F, 0x0000, 0x0000,
 0x0000, 0x0000, 0x07E0, 0x001F, 0x001F, 0x001F, 0x001F, 0x001F, 0x07E0, 0x07E0, 0x001F, 0x001F, 0x001F, 0x001F, 0x001F, 0x07E0, 0x0000, 0x0000,
 0x0000, 0x0000, 0x001F, 0x07E0, 0x001F, 0x001F, 0x001F, 0x07E0, 0x07E0, 0x07E0, 0x07E0, 0x001F, 0x001F, 0x001F, 0x07E0, 0x001F, 0x0000, 0x0000,
 0x0000, 0x0000, 0x0000, 0x07E0, 0x001F, 0x07E0, 0x001F, 0x07E0, 0x001F, 0x001F, 0x07E0, 0x07E0, 0x07E0, 0x001F, 0x07E0, 0x0000, 0x0000, 0x0000,
 0x0000, 0x0000, 0x0000, 0x0000, 0x0000, 0x0000, 0x0000, 0x001F, 0x001F, 0x001F, 0x001F, 0x0000, 0x0000, 0x0000, 0x0000, 0x0000, 0x0000, 0x0000,
 0x0000, 0x0000, 0x0000, 0x0000, 0x0000, 0x0000, 0x0000, 0x07E0, 0x001F, 0x001F, 0x07E0, 0x0000, 0x0000, 0x0000, 0x0000, 0x0000, 0x0000, 0x0000,
 0x0000, 0x0000, 0x0000, 0x0000, 0x0000, 0x0000, 0x0000, 0x0000, 0x07E0, 0x07E0, 0x0000, 0x0000, 0x0000, 0x0000, 0x0000, 0x0000, 0x0000, 0x0000,
 0x0000, 0x0000, 0x0000, 0x0000, 0x0000, 0x0000, 0x0000, 0x0000, 0x0000, 0x0000, 0x0000, 0x0000, 0x0000, 0x0000, 0x0000, 0x0000, 0x0000, 0x0000
};

// small shield floating in space to cover the player's ship from enemy fire (undamaged)
// width=18 x height=5
const uint16_t Bunker0[] = {
 0x079F, 0x079F, 0x079F, 0x079F, 0x0000, 0x0000, 0x0000, 0x0000, 0x0000, 0x0000, 0x0000, 0x0000, 0x0000, 0x0000, 0x079F, 0x079F, 0x079F, 0x079F,
 0x079F, 0x079F, 0x079F, 0x079F, 0x079F, 0x0000, 0x0000, 0x0000, 0x0000, 0x0000, 0x0000, 0x0000, 0x0000, 0x079F, 0x079F, 0x079F, 0x079F, 0x079F,
 0x079F, 0x079F, 0x079F, 0x079F, 0x079F, 0x079F, 0x079F, 0x079F, 0x079F, 0x079F, 0x079F, 0x079F, 0x079F, 0x079F, 0x079F, 0x079F, 0x079F, 0x079F,
 0x0000, 0x079F, 0x079F, 0x079F, 0x079F, 0x079F, 0x079F, 0x079F, 0x079F, 0x079F, 0x079F, 0x079F, 0x079F, 0x079F, 0x079F, 0x079F, 0x079F, 0x0000,
 0x0000, 0x0000, 0x079F, 0x079F, 0x079F, 0x079F, 0x079F, 0x079F, 0x079F, 0x079F, 0x079F, 0x079F, 0x079F, 0x079F, 0x079F, 0x079F, 0x0000, 0x0000,

};

const unsigned short bowler1[] = {
 0x9772, 0x9772, 0x9772, 0x9772, 0x9772, 0x9772, 0x9772, 0x9772, 0x7BAE, 0x7BCE, 0x7BCE, 0x9470, 0xF77D, 0x9772, 0x9772, 0x9772,
 0x9772, 0x9772, 0x9772, 0x9772, 0x9772, 0x9772, 0x9772, 0xFFDF, 0x8430, 0xC638, 0x8430, 0x6B4C, 0x9772, 0x9772, 0x9772, 0x9772,
 0x9772, 0x9772, 0x9772, 0x9772, 0x9772, 0x9772, 0x9772, 0xEF5D, 0x8C71, 0xB5B6, 0x6B4C, 0xBD95, 0x9772, 0x9772, 0x9772, 0x9772,
 0x9772, 0x9772, 0x9772, 0x9772, 0x9772, 0x9772, 0xEF5D, 0x7BAE, 0xB596, 0xEF5D, 0x736D, 0xC5D6, 0x9772, 0x9772, 0x9772, 0x9772,
 0x9772, 0x9772, 0x9772, 0x9772, 0x9772, 0xC617, 0x7BCE, 0x2104, 0xBDB6, 0xFFDF, 0x7BAE, 0xBDB5, 0x9772, 0x9772, 0x9772, 0x9772,
 0x9772, 0x9772, 0x9772, 0x9772, 0x9772, 0x62EB, 0xB596, 0x18E4, 0x9492, 0xFFFF, 0xA534, 0x8C50, 0xEF5C, 0x9772, 0x9772, 0x9772,
 0x9772, 0x9772, 0x9772, 0x9772, 0xDEFB, 0x738E, 0xBDD7, 0x7BCF, 0x8C71, 0xFFFF, 0xB595, 0x83CE, 0xDEB9, 0x9772, 0x9772, 0x9772,
 0x9772, 0x9772, 0x9772, 0x9772, 0x8C30, 0xBDD6, 0xFFFF, 0xA514, 0x8C51, 0xFFFF, 0xAD75, 0x83CE, 0xCE37, 0x9772, 0x9772, 0x9772,
 0x9772, 0x9772, 0x9772, 0x9772, 0x9491, 0xBDF7, 0xFFFF, 0xA514, 0x9491, 0xFFFF, 0xB575, 0x83CE, 0xCE16, 0x9772, 0x9772, 0x9772,
 0x9772, 0x9772, 0x9772, 0x9772, 0x9491, 0xBDD7, 0xFFFF, 0x9CF3, 0x9492, 0xFFFF, 0xAD75, 0x83EE, 0xCE57, 0x9772, 0x9772, 0x9772,
 0x9772, 0x9772, 0x9772, 0x9772, 0x9CD2, 0xBDD7, 0xFFFF, 0xCE59, 0xBDD7, 0xFFFF, 0xAD95, 0x840E, 0xD657, 0x9772, 0x9772, 0x9772,
 0x9772, 0x9772, 0x9772, 0x9772, 0xBDD6, 0xBE17, 0xFFFF, 0xFFFF, 0xFFFF, 0xFFFF, 0xBDB6, 0x8C0E, 0xA512, 0x83EF, 0xBDB4, 0x9772,
 0x9772, 0x9772, 0x9772, 0x9772, 0xDEBA, 0x8410, 0xA534, 0x9CF3, 0xA513, 0xA535, 0x7BAE, 0x6B4C, 0x5B50, 0x5BB2, 0x8430, 0xF7BE,
 0x9772, 0x9772, 0x9772, 0x9772, 0xCE38, 0x7BCF, 0xAD75, 0xA514, 0xA514, 0xAD55, 0x7BAE, 0x528A, 0x5BD4, 0x6436, 0x7BCE, 0x9772,
 0x9772, 0x9772, 0x9772, 0x9772, 0xA4F3, 0xB596, 0xFFFF, 0xFFFF, 0xFFFF, 0xFFFF, 0xA534, 0x08A4, 0x7498, 0x5B71, 0xACF2, 0x9772,
 0x9772, 0x9772, 0x9772, 0x9772, 0x8C50, 0xAD55, 0xFFFF, 0xFFFF, 0xFFFF, 0xFFFF, 0xA4F3, 0x21AA, 0x6C98, 0x52CD, 0xCDF6, 0x9772,
 0x9772, 0x9772, 0x9772, 0x9772, 0x8C30, 0xA534, 0xFFFF, 0xFFFF, 0xFFFF, 0xFFFF, 0xA534, 0x4AEF, 0x959C, 0x632D, 0xE6FA, 0x9772,
 0x9772, 0x9772, 0x9772, 0x9772, 0x734D, 0xA514, 0xFFFF, 0xFFFF, 0xFFFF, 0xFFFF, 0xB596, 0x94B4, 0xA557, 0x8C30, 0xFFBE, 0x9772,
 0x9772, 0x9772, 0x9772, 0x9772, 0x736D, 0xCE79, 0xFFFF, 0xFFFF, 0xFFFF, 0xFFFF, 0xE71C, 0xEF7D, 0x8C51, 0x8C2F, 0x9772, 0x9772,
 0x9772, 0x9772, 0x9772, 0xFFDF, 0x840F, 0xFFFF, 0xFFDF, 0xF7BE, 0xDF1D, 0xE77E, 0xFFFF, 0xEF5D, 0x7BEF, 0xE71B, 0x9772, 0x9772,
 0x9772, 0x9772, 0x9772, 0xB595, 0xBDF7, 0xFFFF, 0xEF7D, 0xC65A, 0x7C75, 0x9D78, 0xEF5D, 0x9CD3, 0x9CB2, 0x9772, 0x9772, 0x9772,
 0x9772, 0x9772, 0x9772, 0x5ACB, 0xDEFC, 0xFFFF, 0xB5D7, 0x5B2E, 0x324D, 0x3A4C, 0x6B6E, 0x9C91, 0x9772, 0x9772, 0x9772, 0x9772,
 0x9772, 0x9772, 0x9772, 0x4B10, 0xA61E, 0xBE19, 0x3A0A, 0x6C37, 0x7498, 0x7CB8, 0x5B50, 0xB574, 0xFFDF, 0x9772, 0x9772, 0x9772,
 0x9772, 0x9772, 0xFFDF, 0x3B11, 0x7D3D, 0x2988, 0x3A8F, 0x8DBE, 0x74BA, 0x853D, 0x6415, 0x5ACB, 0xE71B, 0x9772, 0x9772, 0x9772,
 0x9772, 0x9772, 0x9772, 0x4312, 0x753D, 0x08A5, 0x42D0, 0x5B94, 0x5C16, 0x5395, 0x42B0, 0x4A49, 0xDEDA, 0x9772, 0x9772, 0x9772,
 0x9772, 0x9772, 0x9772, 0x8453, 0x7D3D, 0x5352, 0x31EB, 0x6C37, 0x751C, 0x857D, 0x4B12, 0x4A29, 0xDEB9, 0x9772, 0x9772, 0x9772,
 0x9772, 0x9772, 0x9772, 0xFFDF, 0x63F4, 0x7CFA, 0x10E6, 0x3A8F, 0x4312, 0x4B53, 0x1969, 0x41E7, 0xF77D, 0x9772, 0x9772, 0x9772,
 0x9772, 0x9772, 0x9772, 0x9772, 0xEF7E, 0x853B, 0x5B72, 0x0063, 0x0063, 0x0002, 0x18E4, 0xBDF6, 0x9772, 0x9772, 0x9772, 0x9772,
 0x9772, 0x9772, 0x9772, 0x9772, 0x9772, 0x5B70, 0x8D5B, 0x422A, 0x4A49, 0x840F, 0x9772, 0x9772, 0x9772, 0x9772, 0x9772, 0x9772,
 0x9772, 0x9772, 0x9772, 0x9772, 0x9772, 0xF7BE, 0x3A4F, 0x18AD, 0x39AE, 0x9C91, 0x9772, 0x9772, 0x9772, 0x9772, 0x9772, 0x9772,
 0x9772, 0x9772, 0x9772, 0x9772, 0x9772, 0x9772, 0xA516, 0x2912, 0x39B1, 0xA4F3, 0x9772, 0x9772, 0x9772, 0x9772, 0x9772, 0x9772,
 0x9772, 0x9772, 0x9772, 0x9772, 0x9772, 0x9772, 0x9772, 0xEF7E, 0xF77E, 0x9772, 0x9772, 0x9772, 0x9772, 0x9772, 0x9772, 0x9772,
 0x9772, 0x9772, 0x9772, 0x9772, 0x9772, 0x9772, 0x9772, 0x9772, 0x9772, 0x9772, 0x9772, 0x9772, 0x9772, 0x9772, 0x9772, 0x9772,

};

const unsigned short bowler2[] = {
 0x9772, 0x9772, 0x9772, 0x9772, 0x9772, 0xD6BA, 0x9CF3, 0x8C30, 0x9470, 0xDE99, 0x9772, 0x9772, 0x9772, 0x9772, 0x9772, 0x9772,
 0x9772, 0x9772, 0x9772, 0x9772, 0x9772, 0xF79E, 0xC638, 0xEF3C, 0x8C2F, 0xAD13, 0xF7BE, 0x9772, 0x9772, 0x9772, 0x9772, 0x9772,
 0x9772, 0x9772, 0x9772, 0x9772, 0x9772, 0xEF3C, 0x7BEF, 0xBDF7, 0x83EF, 0xAD33, 0xFFDF, 0x9772, 0x9772, 0x9772, 0x9772, 0x9772,
 0x9772, 0x9772, 0x9772, 0x9772, 0xFFDF, 0xBDB6, 0xBDD7, 0x9471, 0x6B2C, 0xCE37, 0x9772, 0x9772, 0x9772, 0x9772, 0x9772, 0x9772,
 0x9772, 0x9772, 0x9772, 0x9772, 0xF79E, 0x9491, 0xE71C, 0x9491, 0x734C, 0xC5D6, 0xE6FA, 0xFFDF, 0x9772, 0x9772, 0x9772, 0x9772,
 0x9772, 0x9772, 0x9772, 0x9772, 0xF79E, 0xA534, 0xEF7D, 0x94B2, 0x6B2B, 0x83EE, 0x8C4F, 0xC617, 0xF7BE, 0x9772, 0x9772, 0x9772,
 0x9772, 0x9772, 0x9772, 0x9772, 0xE73C, 0xA534, 0xE73C, 0x840F, 0x6B6D, 0x94B2, 0x840F, 0x6B6C, 0xCE37, 0xFFDE, 0x9772, 0x9772,
 0x9772, 0x9772, 0x9772, 0xFFDF, 0xBDD6, 0xD6BA, 0xE71C, 0x738E, 0x6B6D, 0x8C51, 0xAD95, 0x8430, 0x83CE, 0xD658, 0x9772, 0x9772,
 0x9772, 0x9772, 0x9772, 0xF7BE, 0x9491, 0xF7BE, 0xEF5C, 0x738E, 0x738E, 0x6B2C, 0xEF7D, 0xDEBB, 0x6B2C, 0xC5B5, 0x9772, 0x9772,
 0x9772, 0x9772, 0x9772, 0xF79E, 0x9492, 0xF7BE, 0xEF5D, 0x73AE, 0x7BCF, 0x738D, 0xF7BE, 0xDEDB, 0x6B2C, 0xC5D6, 0x9772, 0x9772,
 0x9772, 0x9772, 0x9772, 0xF7BE, 0x9CF3, 0xF79E, 0xF7BE, 0x8C71, 0x5ACB, 0xCE38, 0xFFFF, 0xC638, 0x7BCE, 0xE73C, 0x9772, 0x9772,
 0x9772, 0x9772, 0x9772, 0xF7BE, 0xB595, 0xFFDF, 0xFFFF, 0xD699, 0x9CD3, 0xFFFF, 0xFFFF, 0x9492, 0x9CD2, 0xFFDF, 0x9772, 0x9772,
 0x9772, 0x9772, 0x9772, 0xFFDF, 0xBDF7, 0xE73C, 0xEF7D, 0xEF7D, 0xF79E, 0xF79E, 0xCE59, 0x6B4D, 0xCE18, 0x9772, 0x9772, 0x9772,
 0x9772, 0x9772, 0x9772, 0xFFDF, 0xA513, 0x9CD3, 0xA4F3, 0xA513, 0xA534, 0xAD75, 0x83EF, 0x840F, 0xEF3B, 0x9772, 0x9772, 0x9772,
 0x9772, 0x9772, 0x9772, 0xF7BE, 0xA4F3, 0xCE59, 0xDEFB, 0xDEFB, 0xDEFB, 0xC618, 0x738D, 0x5ACB, 0xA513, 0xE73B, 0x9772, 0x9772,
 0x9772, 0x9772, 0x9772, 0xF7BE, 0xA534, 0xEF7E, 0xFFFF, 0xCE9A, 0x9CF5, 0x6BD2, 0x5B93, 0x5332, 0x530E, 0xA513, 0xFFDE, 0x9772,
 0x9772, 0x9772, 0x9772, 0xF7BE, 0xB595, 0xEF7D, 0xAD55, 0x4B10, 0x4B75, 0x5BB5, 0x42F1, 0x6C38, 0x5B92, 0x8C30, 0xF79D, 0x9772,
 0x9772, 0x9772, 0x9772, 0xFFDF, 0xBDD7, 0xF79D, 0x8C72, 0x42D0, 0x63D4, 0x94D5, 0x7BF0, 0xBE3A, 0x7C52, 0x8C50, 0xF7BE, 0x9772,
 0x9772, 0x9772, 0x9772, 0xF7BE, 0xA534, 0xF79E, 0xF79E, 0xB5B6, 0xCE58, 0xFFDF, 0xF79E, 0xEF7D, 0x7BCE, 0xB595, 0x9772, 0x9772,
 0x9772, 0x9772, 0x9772, 0xDEBA, 0xAD35, 0xF79E, 0xF7BE, 0xC69B, 0xE73E, 0xFFFF, 0xFFFF, 0xB5B6, 0x83EF, 0xEF5D, 0x9772, 0x9772,
 0x9772, 0x9772, 0xFFBE, 0x9CD2, 0xDEBA, 0xFFBE, 0x9D14, 0x4B0F, 0x6BD2, 0xCE59, 0xCE38, 0x9CB2, 0xDEBA, 0x9772, 0x9772, 0x9772,
 0x9772, 0x9772, 0xDEDB, 0x9CB2, 0xF79D, 0xBDF8, 0x5B71, 0x4B33, 0x4B52, 0x6370, 0x8C50, 0xDEDA, 0x9772, 0x9772, 0x9772, 0x9772,
 0x9772, 0xFFDF, 0xBDD7, 0x9538, 0xBE5B, 0x63B1, 0x6C59, 0x6CBB, 0x74DB, 0x5BD5, 0x738E, 0xDEB9, 0x9772, 0x9772, 0x9772, 0x9772,
 0x9772, 0xF7BE, 0x7C32, 0x6C99, 0x5353, 0x4AF0, 0x63D5, 0x6459, 0x6417, 0x63F6, 0x424B, 0xB553, 0x9772, 0x9772, 0x9772, 0x9772,
 0x9772, 0xF79E, 0x5B91, 0x74DB, 0x1949, 0x1928, 0x5BD5, 0x6CBA, 0x6479, 0x42F1, 0x2126, 0xB554, 0x9772, 0x9772, 0x9772, 0x9772,
 0x9772, 0xF79E, 0x5373, 0x6C98, 0x424A, 0x31C8, 0x3A6D, 0x21EC, 0x21CB, 0x10E6, 0x4A29, 0xE6FB, 0x9772, 0x9772, 0x9772, 0x9772,
 0x9772, 0xF79E, 0x5332, 0x5332, 0x94B2, 0xF79D, 0xB5D7, 0x6B6E, 0x632C, 0x7BCF, 0xE71C, 0x9772, 0x9772, 0x9772, 0x9772, 0x9772,
 0x9772, 0xD6BB, 0x6C37, 0x4B31, 0x8C2F, 0xFFDE, 0x9772, 0x9772, 0x9772, 0x9772, 0x9772, 0x9772, 0x9772, 0x9772, 0x9772, 0x9772,
 0x9772, 0xD6DB, 0x7CB8, 0x5351, 0xBDB6, 0xFFDF, 0x9772, 0x9772, 0x9772, 0x9772, 0x9772, 0x9772, 0x9772, 0x9772, 0x9772, 0x9772,
 0x9772, 0x9772, 0xC659, 0x8C92, 0xFFDF, 0x9772, 0x9772, 0x9772, 0x9772, 0x9772, 0x9772, 0x9772, 0x9772, 0x9772, 0x9772, 0x9772,
 0x9772, 0xEF5D, 0x9452, 0x83D0, 0xD658, 0x9772, 0x9772, 0x9772, 0x9772, 0x9772, 0x9772, 0x9772, 0x9772, 0x9772, 0x9772, 0x9772,
 0x9772, 0xC61A, 0x2110, 0x210D, 0x9492, 0xFFDE, 0x9772, 0x9772, 0x9772, 0x9772, 0x9772, 0x9772, 0x9772, 0x9772, 0x9772, 0x9772,
 0x9772, 0xEF7E, 0x4A52, 0x39CF, 0xD69A, 0x9772, 0x9772, 0x9772, 0x9772, 0x9772, 0x9772, 0x9772, 0x9772, 0x9772, 0x9772, 0x9772,

};

const unsigned short bowler3[] = {
 0x9772, 0x9772, 0x9772, 0x9772, 0x9772, 0x9772, 0x9772, 0x9772, 0xE73C, 0x9C91, 0x9470, 0x9CB1, 0xD658, 0x9772, 0x9772, 0x9772,
 0x9772, 0x9772, 0x9772, 0x9772, 0x9772, 0x9772, 0x9772, 0xF79E, 0x8C50, 0xAD55, 0xA4F3, 0x6B2C, 0xBDD6, 0x9772, 0x9772, 0x9772,
 0x9772, 0x9772, 0xFFDF, 0x9772, 0x9772, 0x9772, 0x9772, 0xD6BA, 0x6B6D, 0xB5B7, 0x8C51, 0x9CB1, 0xF7BE, 0x9772, 0x9772, 0x9772,
 0x9772, 0xEF5C, 0xBDD6, 0xE6FB, 0x9772, 0x9772, 0x9772, 0xB595, 0x7BCF, 0xCE59, 0x7BCE, 0xBD95, 0x9772, 0x9772, 0x9772, 0x9772,
 0x9772, 0xBDB6, 0x83EF, 0xAD12, 0xF79D, 0x9772, 0xFFDF, 0xAD54, 0x8410, 0xEF7D, 0x8C50, 0xA4F3, 0xF79E, 0x9772, 0x9772, 0x9772,
 0x9772, 0xC618, 0xA534, 0x83EE, 0xD658, 0xFFDF, 0xFFFF, 0xBDF7, 0x7BEF, 0xEF7D, 0xA534, 0x7BCE, 0xDE99, 0x9772, 0x9772, 0x9772,
 0xFFDF, 0xB596, 0xBDF7, 0x9491, 0x9470, 0xCE37, 0xF7BE, 0xDEDB, 0x8410, 0xF79E, 0xCE59, 0x7BAD, 0xCE37, 0x9772, 0x9772, 0x9772,
 0x9772, 0xCE38, 0xAD54, 0xD6DA, 0x9CD2, 0x7BCE, 0xC5D6, 0xB595, 0x7BCE, 0xF79E, 0xC638, 0x7B8D, 0xCE37, 0x9772, 0x9772, 0x9772,
 0x9772, 0x9772, 0xCE79, 0xE71B, 0xEF5D, 0x8C51, 0x8C2F, 0x840F, 0x7BEF, 0xF79E, 0xC5F7, 0x7BCE, 0xE6FB, 0x9772, 0x9772, 0x9772,
 0x9772, 0x9772, 0xF7BE, 0x9CD2, 0xF7BE, 0xD6BA, 0x632C, 0x7BAE, 0xC617, 0xF7BE, 0x9CB2, 0x9CD2, 0xFFDF, 0x9772, 0x9772, 0x9772,
 0x9772, 0x9772, 0xF79E, 0x7BCF, 0xF79E, 0xEF5D, 0x5ACB, 0x6B2C, 0xEF7D, 0xFFDF, 0x840F, 0xAD33, 0xFFDF, 0x9772, 0x9772, 0x9772,
 0x9772, 0x9772, 0xF79E, 0x840F, 0xF79E, 0xF7BE, 0x8410, 0x8430, 0xF7BE, 0xEF5D, 0x8C50, 0xB574, 0xFFDF, 0x9772, 0x9772, 0x9772,
 0x9772, 0x9772, 0xF79E, 0x7BEF, 0xEF7D, 0xFFFF, 0xD679, 0xD69A, 0xFFFF, 0xC638, 0x9470, 0xC5F6, 0x9772, 0x9772, 0x9772, 0x9772,
 0x9772, 0x9772, 0xF79E, 0x7BCF, 0xF79E, 0xFFFF, 0xFFBE, 0xFFDF, 0xFFFF, 0xBDB6, 0x9471, 0xEF3C, 0x9772, 0x9772, 0x9772, 0x9772,
 0x9772, 0x9772, 0xF79E, 0x7BAE, 0xBDD7, 0xAD75, 0x9CF3, 0xA514, 0x8C51, 0x5AAA, 0x8C2F, 0xDED9, 0x9772, 0x9772, 0x9772, 0x9772,
 0x9772, 0x9772, 0xFFDF, 0xAD34, 0x73AE, 0xB5B6, 0xDEDB, 0xB5B6, 0x4AAD, 0x324C, 0x4A8B, 0x9CB2, 0xE71B, 0x9772, 0x9772, 0x9772,
 0x9772, 0x9772, 0x9772, 0xEF5D, 0xA514, 0xF79E, 0xFFFF, 0xC658, 0x4AEE, 0x4B52, 0x42D0, 0x530E, 0xAD13, 0xF77D, 0x9772, 0x9772,
 0x9772, 0x9772, 0x9772, 0xF7BE, 0x9CB2, 0xEF7D, 0xFFFF, 0xF7BE, 0xB5B7, 0x73D0, 0x4B10, 0x53B4, 0x634E, 0xCDF6, 0x9772, 0x9772,
 0x9772, 0x9772, 0x9772, 0xF7BE, 0x8C50, 0xD6BA, 0xFFFF, 0xFFFF, 0xFFFF, 0xF7BE, 0x8C93, 0x7454, 0x632D, 0xC5F6, 0x9772, 0x9772,
 0x9772, 0x9772, 0x9772, 0xFFDF, 0xBDD6, 0xCE59, 0xFFFF, 0xFFFF, 0xFFFF, 0xFFFF, 0xE71C, 0xAD95, 0x6B6D, 0xC5B5, 0x9772, 0x9772,
 0x9772, 0x9772, 0x9772, 0x9772, 0xEF7D, 0x9CF3, 0xF7BE, 0xFFFF, 0xFFFF, 0xEF7E, 0xFFFF, 0xD6BA, 0x734C, 0xCE17, 0x9772, 0x9772,
 0x9772, 0x9772, 0x9772, 0x9772, 0xF79D, 0x8C30, 0xF79E, 0xFFFF, 0xE73D, 0x94F6, 0x9D16, 0x9471, 0x9470, 0xF79D, 0x9772, 0x9772,
 0x9772, 0x9772, 0x9772, 0x9772, 0xF7BE, 0x8C51, 0xF79E, 0xFFBE, 0x9CF4, 0x42CF, 0x4B32, 0x4ACE, 0x9CB2, 0xE71B, 0x9772, 0x9772,
 0x9772, 0x9772, 0x9772, 0x9772, 0xD679, 0xA514, 0xFFDF, 0xDEDA, 0x4AAC, 0x4B75, 0x6CDB, 0x6479, 0x6371, 0xAD33, 0x9772, 0x9772,
 0x9772, 0x9772, 0x9772, 0xF7BE, 0x9471, 0xCE7A, 0xFFDF, 0x8410, 0x324D, 0x6CBB, 0x53D7, 0x5C17, 0x42F0, 0x8431, 0xE6FA, 0x9772,
 0x9772, 0x9772, 0x9772, 0xF7BE, 0x8451, 0x9D79, 0x9D57, 0x18E5, 0x1969, 0x5BD6, 0x6418, 0x6CBB, 0x5394, 0x52ED, 0xBD74, 0x9772,
 0x9772, 0x9772, 0x9772, 0xF7BE, 0x8452, 0x6C98, 0x5BB3, 0x31A7, 0x0042, 0x21CB, 0x4B54, 0x4B53, 0x21CC, 0x2946, 0xC5F7, 0x9772,
 0x9772, 0x9772, 0x9772, 0x9772, 0xBE19, 0x74D9, 0x63F4, 0x8C50, 0xA514, 0x1105, 0x0064, 0x18E5, 0x39E8, 0x9CD3, 0xF79E, 0x9772,
 0x9772, 0x9772, 0x9772, 0x9772, 0xF7BE, 0x63F4, 0x5BB4, 0x9CD2, 0xFFFF, 0xC659, 0xB5B6, 0xC618, 0xDEDA, 0x9772, 0x9772, 0x9772,
 0x9772, 0x9772, 0x9772, 0x9772, 0xF7BE, 0x5B50, 0x6416, 0x73B0, 0xCE37, 0x9772, 0x9772, 0x9772, 0x9772, 0x9772, 0x9772, 0x9772,
 0x9772, 0x9772, 0x9772, 0x9772, 0xFFDF, 0xADB7, 0x5C17, 0x5331, 0x738D, 0xCE16, 0x9772, 0x9772, 0x9772, 0x9772, 0x9772, 0x9772,
 0x9772, 0x9772, 0x9772, 0x9772, 0x9772, 0xEF9E, 0x7477, 0x63F5, 0x5B0C, 0xE6FB, 0x9772, 0x9772, 0x9772, 0x9772, 0x9772, 0x9772,
 0x9772, 0x9772, 0x9772, 0x9772, 0x9772, 0x9772, 0xE73D, 0x9CF5, 0xE71C, 0x9772, 0x9772, 0x9772, 0x9772, 0x9772, 0x9772, 0x9772,

};

const unsigned short bowler4[] = {
 0x9772, 0x9772, 0xEF5C, 0x7BAE, 0x83EF, 0x6B2B, 0xAD33, 0x9772, 0x9772, 0x9772, 0x9772, 0x9772, 0x9772, 0x9772, 0x9772, 0x9772,
 0x9772, 0x9772, 0x7BAE, 0xE71C, 0xDF1C, 0x630B, 0xDEDA, 0x9772, 0x9772, 0x9772, 0x9772, 0x9772, 0x9772, 0x9772, 0x9772, 0x9772,
 0x9772, 0x9772, 0x9492, 0xBDD7, 0x5AEB, 0x83EF, 0xF7BE, 0x9772, 0x9772, 0x9772, 0x9772, 0x9772, 0x9772, 0x9772, 0x9772, 0x9772,
 0x9772, 0x9772, 0x9CD3, 0xBDD7, 0x73AE, 0x62EB, 0xD658, 0x9772, 0x9772, 0x9772, 0x9772, 0x9772, 0x9772, 0x9772, 0x9772, 0x9772,
 0x9772, 0x9772, 0xB5B6, 0xCE79, 0xCE9A, 0x5AAA, 0xAD53, 0xEF3B, 0xFFBE, 0x9772, 0x9772, 0x9772, 0x9772, 0x9772, 0x9772, 0x9772,
 0x9772, 0x9772, 0xC618, 0xCE39, 0xE75C, 0x73AE, 0x83EF, 0x8C2F, 0xC5F6, 0xFFDF, 0x9772, 0x9772, 0x9772, 0x9772, 0x9772, 0x9772,
 0x9772, 0x9772, 0xC5F7, 0xCE59, 0xE73C, 0x5ACB, 0x6B6D, 0xA534, 0x7BCE, 0xDEBA, 0x9772, 0x9772, 0x9772, 0x9772, 0x9772, 0x9772,
 0x9772, 0x9772, 0xCE79, 0xC618, 0xEF5D, 0x52CA, 0x9CB3, 0xBDF7, 0x4A28, 0xCE37, 0xFFDE, 0x9772, 0x9772, 0x9772, 0x9772, 0x9772,
 0x9772, 0x9772, 0xFFDF, 0x8410, 0xFFDF, 0xBE18, 0x6B6D, 0x8C71, 0x4A69, 0x7BAE, 0xCE16, 0xFFDF, 0x9772, 0x9772, 0x9772, 0x9772,
 0x9772, 0x9772, 0x9772, 0x8410, 0xFFFF, 0xE73C, 0x39E7, 0xDEBA, 0xEF9E, 0x9CD3, 0x7BCE, 0xCE57, 0x9772, 0x9772, 0x9772, 0x9772,
 0x9772, 0x9772, 0xFFDF, 0x8410, 0xFFFF, 0xE71C, 0x4208, 0x73AE, 0xFFDF, 0xFFFF, 0x6B2C, 0xA4F2, 0xFFDF, 0x9772, 0x9772, 0x9772,
 0x9772, 0x9772, 0xEF7D, 0x8410, 0xFFFF, 0xE71C, 0x5ACB, 0x7BEF, 0xF7BE, 0xFFFF, 0x6B6D, 0xB574, 0x9772, 0x9772, 0x9772, 0x9772,
 0x9772, 0x9772, 0xAD54, 0xD69A, 0xFFFF, 0xE71C, 0x3186, 0xC638, 0xFFFF, 0xCE9A, 0x7BCE, 0xE6FB, 0x9772, 0x9772, 0x9772, 0x9772,
 0x9772, 0x9772, 0x8C71, 0xEF7D, 0xFFFF, 0xE73C, 0x8431, 0xE71C, 0xFFFF, 0xB5B6, 0x7BAE, 0xF77D, 0x9772, 0x9772, 0x9772, 0x9772,
 0x9772, 0x9772, 0x9CF3, 0xEF5D, 0xFFFF, 0xFFFF, 0xF79E, 0xFFFF, 0xFFFF, 0x840F, 0xA4D2, 0x9772, 0x9772, 0xFFDF, 0x9772, 0x9772,
 0x9772, 0x9772, 0xB596, 0xDEDB, 0xB596, 0x9CF3, 0xA534, 0xA534, 0x9CD3, 0x5ACA, 0xCE37, 0x9772, 0xA512, 0x9CB1, 0xE6FA, 0x9772,
 0x9772, 0x9772, 0x9492, 0x6B6E, 0x9492, 0x9CD3, 0x9CD3, 0x9CF3, 0x9492, 0x62EB, 0xB574, 0x7B8D, 0x426D, 0x4ACD, 0xA4F1, 0x9772,
 0x9772, 0x9772, 0xDEDA, 0xAD75, 0xFFFF, 0xFFFF, 0xFFFF, 0xFFFF, 0xF7BE, 0x526A, 0x52EE, 0x4AF0, 0x7498, 0x4AEF, 0xC617, 0x9772,
 0x9772, 0x9772, 0x9772, 0x8C30, 0xFFFF, 0xFFFF, 0xFFFF, 0xFFFF, 0xEF5D, 0x424B, 0x6C78, 0x6C78, 0x426C, 0xDEFB, 0x9772, 0x9772,
 0x9772, 0x9772, 0x9772, 0x7BAE, 0xFFDF, 0xFFFF, 0xFFFF, 0xFFFF, 0xF79E, 0x636F, 0x6C35, 0x5B0E, 0xFFDF, 0x9772, 0x9772, 0x9772,
 0x9772, 0x9772, 0x9772, 0xAD55, 0xD6DB, 0xFFFF, 0xFFFF, 0xFFFF, 0xFFFF, 0xA534, 0x2944, 0xBD74, 0x9772, 0x9772, 0x9772, 0x9772,
 0x9772, 0x9772, 0x9772, 0xDEDA, 0xB5D7, 0xBDD7, 0x9491, 0xDEDB, 0xFFFF, 0xFFFF, 0x5ACB, 0xCE58, 0x9772, 0x9772, 0x9772, 0x9772,
 0x9772, 0x9772, 0x9772, 0xF7BE, 0xA534, 0xC618, 0xAD55, 0x8411, 0x8C72, 0xDEFB, 0x8C50, 0xC5F6, 0x9772, 0x9772, 0x9772, 0x9772,
 0x9772, 0x9772, 0x9772, 0x9772, 0x6B4D, 0xFFFF, 0xFFFF, 0xE79F, 0x6C56, 0x5B71, 0x4229, 0xA4F2, 0xF7BE, 0x9772, 0x9772, 0x9772,
 0x9772, 0x9772, 0x9772, 0x9772, 0xE6FB, 0xDEFB, 0xEF5D, 0x73F1, 0x63F6, 0x855D, 0x6415, 0x4AAB, 0xB574, 0xFFBE, 0x9772, 0x9772,
 0x9772, 0x9772, 0x9772, 0x9772, 0x9772, 0xA4F3, 0x6350, 0x4AAE, 0x29AA, 0x4B11, 0x851C, 0x6C58, 0x42AC, 0xA4D1, 0xF79D, 0x9772,
 0x9772, 0x9772, 0x9772, 0x9772, 0x9772, 0x52CC, 0x6418, 0x859F, 0x6CBA, 0x5BD5, 0x29CB, 0x63F7, 0x6C99, 0x52EE, 0xA4F2, 0xF79E,
 0x9772, 0x9772, 0x9772, 0x9772, 0xFFDF, 0x42D0, 0x857D, 0x6C58, 0x6459, 0x6C58, 0x4A8C, 0x5ACC, 0x6417, 0x7CFB, 0x52CC, 0xE6FA,
 0x9772, 0x9772, 0x9772, 0x9772, 0xFFDF, 0x29EB, 0x7498, 0x42B0, 0x74DA, 0x42D1, 0x422A, 0xBD95, 0xF7BE, 0x4B11, 0x4A8B, 0xEF5C,
 0x9772, 0x9772, 0x9772, 0x9772, 0x9772, 0x0042, 0x4AD0, 0x74D9, 0x6CDA, 0x6C78, 0x31E9, 0xB554, 0x9772, 0xEF7E, 0xE71C, 0x9772,
 0x9772, 0x9772, 0x9772, 0x9772, 0x9772, 0xC639, 0x0002, 0x00A6, 0x08C7, 0x00A6, 0x18E5, 0xDEDA, 0x9772, 0x9772, 0x9772, 0x9772,
 0x9772, 0x9772, 0x9772, 0x9772, 0x9772, 0x9772, 0xEF7D, 0xA534, 0xB596, 0xA534, 0xE73C, 0x9772, 0x9772, 0x9772, 0x9772, 0x9772,
 0x9772, 0x9772, 0x9772, 0x9772, 0x9772, 0x9772, 0x9772, 0x9772, 0x9772, 0x9772, 0x9772, 0x9772, 0x9772, 0x9772, 0x9772, 0x9772,

};

const unsigned short bowler5[] = {
 0x9772, 0x9772, 0x9772, 0x9772, 0x9772, 0x9772, 0x9772, 0xAD54, 0x9C91, 0xA513, 0xBDB5, 0xFFDF, 0x9772, 0x9772, 0x9772, 0x9772,
 0x9772, 0x9772, 0x9772, 0x9772, 0x9772, 0x9772, 0x9491, 0xA513, 0xB596, 0x7BAE, 0x8C0E, 0x9772, 0x9772, 0x9772, 0x9772, 0x9772,
 0x9772, 0x9772, 0x9772, 0x9772, 0x9772, 0x9772, 0x8C50, 0xFFFF, 0xD6BA, 0x840F, 0xFFBE, 0x9772, 0x9772, 0x9772, 0x9772, 0x9772,
 0x9772, 0xFFDF, 0xF7BE, 0x9772, 0x9772, 0x9772, 0x6B4C, 0xB5B7, 0x632C, 0x9491, 0x9772, 0x9772, 0x9772, 0x9772, 0x9772, 0x9772,
 0xA4F2, 0x738D, 0xA4D2, 0xEF5C, 0x9772, 0x9772, 0x7BAE, 0xFFDF, 0x9CD2, 0x9450, 0xEF5C, 0x9772, 0x9772, 0x9772, 0x9772, 0x9772,
 0x7BAE, 0xE73C, 0x6B4C, 0xB553, 0x9772, 0x9772, 0x9471, 0xE71C, 0xD6BA, 0x7BAD, 0xC5D5, 0x9772, 0x9772, 0x9772, 0x9772, 0x9772,
 0x94B2, 0xE73D, 0x4228, 0xB574, 0xFFDF, 0x9772, 0xC5F7, 0xC618, 0xFFFF, 0x738D, 0xBD94, 0x9772, 0x9772, 0x9772, 0x9772, 0x9772,
 0x83EF, 0xB5B6, 0x9CD3, 0x738D, 0xB553, 0xF7BE, 0xDEDB, 0xCE39, 0xFFFF, 0x7BAE, 0xBD94, 0x9772, 0x9772, 0x9772, 0x9772, 0x9772,
 0xE71C, 0xD69A, 0xF79E, 0xA514, 0x6B2C, 0xB595, 0x7BCE, 0xCE58, 0xFFFF, 0x7BAE, 0xBD95, 0x9772, 0x9772, 0x9772, 0x9772, 0x9772,
 0x9772, 0x9772, 0xBDD6, 0xE71C, 0xBDF7, 0x840F, 0x736D, 0xC617, 0xF7BE, 0x7BAE, 0xBD95, 0x9772, 0x9772, 0x9772, 0x9772, 0x9772,
 0x9772, 0x9772, 0x630C, 0xEF5D, 0xFFFF, 0x8C30, 0x6B4D, 0xCE79, 0xFFDF, 0x738D, 0xBD95, 0x9772, 0x9772, 0x9772, 0x9772, 0x9772,
 0x9772, 0x9772, 0x5ACA, 0xEF5D, 0xFFFF, 0x630C, 0x738E, 0xFFFF, 0xF7BE, 0x738D, 0xBD94, 0x9772, 0x9772, 0x9772, 0x9772, 0x9772,
 0x9772, 0x9772, 0x6B6D, 0xEF9E, 0xFFFF, 0x6B4D, 0x9CD3, 0xFFFF, 0xF7BE, 0x6B4C, 0xB594, 0x9772, 0x9772, 0x9772, 0x9772, 0x9772,
 0x9772, 0xEF7D, 0x9CD2, 0xFFFF, 0xFFFF, 0x8410, 0xCE79, 0xFFFF, 0xCE59, 0x736D, 0xF79E, 0x9772, 0x9772, 0x9772, 0x9772, 0x9772,
 0x9772, 0xEF7D, 0x9CF3, 0xFFFF, 0xFFFF, 0xE6FC, 0xF7BE, 0xFFFF, 0xA514, 0x8C4F, 0xD678, 0x9772, 0x9772, 0x9772, 0x9772, 0x9772,
 0x9772, 0xF79E, 0xA514, 0xFFFF, 0xFFFF, 0xEF3C, 0xCE59, 0xD69A, 0x8430, 0x31A6, 0x83EF, 0xCE16, 0x9772, 0x9772, 0x9772, 0x9772,
 0x9772, 0x9772, 0x94B2, 0xB596, 0x7BEF, 0x8431, 0x8430, 0x8C71, 0x52AB, 0x3A8E, 0x5371, 0x83F0, 0xE6FA, 0x9772, 0x9772, 0x9772,
 0x9772, 0x9772, 0x630C, 0x8430, 0xC638, 0xEF5D, 0xFFFF, 0xFFFF, 0x9CD3, 0x4AF0, 0x7477, 0x7BF0, 0x9772, 0x9772, 0x9772, 0x9772,
 0x9772, 0x9772, 0xE6FB, 0xBDD7, 0xFFFF, 0xFFFF, 0xFFFF, 0xFFFF, 0xCE58, 0x2167, 0x73D0, 0xF77D, 0x9772, 0x9772, 0x9772, 0x9772,
 0x9772, 0x9772, 0x9772, 0x632C, 0xFFFF, 0xFFFF, 0xFFFF, 0xFFFF, 0xFFFF, 0x8C30, 0x83EE, 0xF7BE, 0x9772, 0x9772, 0x9772, 0x9772,
 0x9772, 0x9772, 0x9772, 0x738D, 0xDEFB, 0xFFFF, 0xFFFF, 0xFFFF, 0xFFFF, 0xE71C, 0x8C2F, 0xCE16, 0xFFBE, 0x9772, 0x9772, 0x9772,
 0x9772, 0x9772, 0x9772, 0xF79E, 0xAD54, 0xFFFF, 0xFFDF, 0xB5B6, 0x9492, 0x9492, 0x4A69, 0x5ACB, 0x8C0F, 0xBD94, 0xDEB9, 0xFFDE,
 0x9772, 0x9772, 0x9772, 0x9772, 0x7BCE, 0xF7BE, 0xB5B6, 0x8C51, 0xA514, 0x8CB4, 0x5373, 0x4353, 0x4B32, 0x42AD, 0x630C, 0xBDB5,
 0x9772, 0x9772, 0x9772, 0x9772, 0xFFDF, 0xAD75, 0xFFDF, 0xFFFF, 0xFFFF, 0xF7DF, 0x7CFA, 0x649B, 0x6439, 0x6438, 0x6C37, 0x8CD5,
 0x9772, 0x9772, 0x9772, 0x9772, 0x9772, 0xC618, 0xEF7D, 0xFFFF, 0xCE7A, 0x6B6F, 0x0883, 0x2988, 0x6B4E, 0xE73D, 0x4AF0, 0xA578,
 0x9772, 0x9772, 0x9772, 0x9772, 0x9772, 0x9772, 0xDEBA, 0x4A49, 0x5331, 0x5374, 0x5373, 0x428D, 0xB574, 0xFFDF, 0x9772, 0x9772,
 0x9772, 0x9772, 0x9772, 0x9772, 0x9772, 0x9772, 0x9772, 0x31EA, 0x649A, 0x753F, 0x74FD, 0x6C78, 0x634D, 0xEF1C, 0x9772, 0x9772,
 0x9772, 0x9772, 0x9772, 0x9772, 0x9772, 0x9772, 0xF7BE, 0x4B31, 0x753D, 0x4B95, 0x6C79, 0x53B5, 0x528C, 0xBD74, 0x9772, 0x9772,
 0x9772, 0x9772, 0x9772, 0x9772, 0x9772, 0x9772, 0xFFDF, 0x08C6, 0x6416, 0x5BF6, 0x74FC, 0x6437, 0x1927, 0x738D, 0xFFDF, 0x9772,
 0x9772, 0x9772, 0x9772, 0x9772, 0x9772, 0x9772, 0x9772, 0x0001, 0x2A0C, 0x5BF5, 0x4B95, 0x5BB4, 0x0884, 0x630B, 0x9772, 0x9772,
 0x9772, 0x9772, 0x9772, 0x9772, 0x9772, 0x9772, 0x9772, 0xE71C, 0x0002, 0x0043, 0x0044, 0x0002, 0x2125, 0xEF7D, 0x9772, 0x9772,
 0x9772, 0x9772, 0x9772, 0x9772, 0x9772, 0x9772, 0x9772, 0x9772, 0x9772, 0xF7BE, 0xFFDF, 0xFFDF, 0x9772, 0x9772, 0x9772, 0x9772,
 0x9772, 0x9772, 0x9772, 0x9772, 0x9772, 0x9772, 0x9772, 0x9772, 0x9772, 0x9772, 0x9772, 0x9772, 0x9772, 0x9772, 0x9772, 0x9772,

};

const unsigned short bowler6[] = {
 0x9772, 0x9772, 0x9772, 0x9772, 0x9772, 0x9772, 0xE73C, 0x9471, 0x8410, 0x83EF, 0x630B, 0xBD95, 0x9772, 0x9772, 0x9772, 0x9772,
 0x9772, 0x9772, 0x9772, 0x9772, 0x9772, 0xFFDF, 0xAD75, 0xAD34, 0xD6BA, 0xA514, 0x8C30, 0xEF5C, 0x9772, 0x9772, 0x9772, 0x9772,
 0x9772, 0x9772, 0x9772, 0x9772, 0x9772, 0x9772, 0xC5F7, 0x8430, 0xAD55, 0x6B2C, 0x9CD2, 0xF7BE, 0x9772, 0x9772, 0x9772, 0x9772,
 0x9772, 0x9772, 0x9772, 0x9772, 0x9772, 0x9772, 0xD699, 0xB575, 0xEF7D, 0x8C71, 0x9470, 0xEF5C, 0x9772, 0x9772, 0x9772, 0x9772,
 0x9772, 0x9772, 0x9772, 0x9772, 0x9772, 0xEF5C, 0xA513, 0xAD75, 0xF79E, 0x94B2, 0x83EF, 0xD678, 0x9772, 0x9772, 0x9772, 0x9772,
 0x9772, 0x9772, 0x9772, 0xFFDF, 0xAD54, 0x7BAD, 0x5289, 0xA534, 0xFFDF, 0xD6BA, 0x7B8D, 0xB553, 0xFFDF, 0x9772, 0x9772, 0x9772,
 0x9772, 0x9772, 0xFFDF, 0xBDB6, 0x9471, 0xA513, 0x6B6D, 0xAD75, 0xFFFF, 0xF7BE, 0x7BAD, 0xA512, 0xFFDF, 0x9772, 0x9772, 0x9772,
 0x9772, 0x9772, 0x9772, 0xAD34, 0xA534, 0xEF5D, 0x8430, 0x738E, 0xF79E, 0xF79E, 0x738D, 0xAD33, 0xFFDF, 0x9772, 0x9772, 0x9772,
 0x9772, 0x9772, 0xEF3C, 0x7BCE, 0x6B8E, 0x9CD3, 0x6B4C, 0x3165, 0xE71C, 0xFFDF, 0x8430, 0x9491, 0xE71B, 0x9772, 0x9772, 0x9772,
 0x9772, 0xFFBE, 0x9491, 0x9CF3, 0xDEDB, 0xBDD7, 0x528A, 0x3186, 0xE71C, 0xFFFF, 0xB596, 0x5ACA, 0xC5D6, 0x9772, 0x9772, 0x9772,
 0x9772, 0xF79D, 0x736D, 0xDEFB, 0xFFFF, 0xDEFB, 0x528A, 0x7BCF, 0xF79E, 0xFFFF, 0xB5B6, 0x52AA, 0xC5B5, 0x9772, 0x9772, 0x9772,
 0x9772, 0xF79D, 0x738D, 0xE6FC, 0xFFFF, 0xF79E, 0x8430, 0xAD55, 0xFFFF, 0xFFFF, 0xB596, 0x5AAA, 0xC5B5, 0x9772, 0x9772, 0x9772,
 0x9772, 0xF79E, 0x738D, 0xDEFB, 0xFFFF, 0xF79E, 0x7BCF, 0x9CB2, 0xFFDF, 0xFFFF, 0xBDD7, 0x5ACA, 0xBDB5, 0x9772, 0x9772, 0x9772,
 0x9772, 0xF79E, 0x73AE, 0xDEFB, 0xFFFF, 0xF79E, 0x9CD3, 0xAD75, 0xFFDF, 0xFFFF, 0xBDF7, 0x62EB, 0xD678, 0x9772, 0x9772, 0x9772,
 0x9772, 0xF79E, 0x7BAE, 0xE73C, 0xFFFF, 0xFFFF, 0xF79E, 0xF7BE, 0xFFFF, 0xFFDF, 0x9471, 0x8C0F, 0xF7BE, 0x9772, 0x9772, 0x9772,
 0x9772, 0xF79E, 0x736D, 0xCE59, 0xE71C, 0xE71C, 0xE73C, 0xE71C, 0xE71C, 0xCE59, 0x630B, 0xAD33, 0xF7BE, 0xFFDF, 0x9772, 0x9772,
 0x9772, 0xF79E, 0x528A, 0x630C, 0x6B4D, 0x6B6D, 0x738E, 0x73AE, 0x7BCF, 0x6B6D, 0x39E7, 0x7BCE, 0x8C2F, 0x9490, 0xD678, 0x9772,
 0x9772, 0xFFDF, 0x9492, 0x634D, 0xC618, 0xD69A, 0xDEDB, 0xD69A, 0xC618, 0x8C51, 0x31E9, 0x4ACE, 0x4AEF, 0x4A8C, 0x8C50, 0xF77D,
 0x9772, 0x9772, 0xEF7D, 0x9492, 0xFFDF, 0xFFFF, 0xDEDB, 0x94B3, 0x73D2, 0x5BB3, 0x6C78, 0x855D, 0x7499, 0x5B71, 0x8C51, 0xF7BE,
 0x9772, 0x9772, 0xEF5C, 0x9491, 0xE73C, 0xB5B7, 0x5B50, 0x4B53, 0x6459, 0x6457, 0x5373, 0x4B10, 0x29CA, 0x634D, 0xF77D, 0x9772,
 0x9772, 0x9772, 0xEF7D, 0x842F, 0x8C92, 0x6371, 0x6C79, 0x7D1D, 0x6C36, 0x73F1, 0x4208, 0x29A8, 0x31E9, 0x8C50, 0xFFBE, 0x9772,
 0x9772, 0x9772, 0xEF7D, 0x39C6, 0x7BAE, 0xCE9C, 0xAE1D, 0x63D2, 0x9CF4, 0xE71B, 0xAD34, 0x424A, 0x426B, 0x8C30, 0xF79E, 0x9772,
 0x9772, 0x9772, 0xEF5D, 0x5269, 0xCE59, 0xFFFF, 0xA535, 0x8C71, 0xF79E, 0xFFFF, 0xD6DB, 0x8CB3, 0x5ACB, 0x8C2F, 0xF79E, 0x9772,
 0x9772, 0x9772, 0xEF5D, 0x9471, 0xFFDF, 0xEF7D, 0xAD54, 0xCE79, 0xDF1C, 0xE73C, 0xF7BE, 0xF79E, 0x736D, 0x83CE, 0xEF7D, 0x9772,
 0x9772, 0x9772, 0xF79E, 0x9491, 0xEF5D, 0xFFDF, 0xE6DB, 0xC67B, 0x8495, 0xB5B7, 0xE73C, 0xEF7D, 0x62EB, 0x840F, 0xF79E, 0x9772,
 0x9772, 0x9772, 0x9772, 0xDEFB, 0xBDF7, 0xDEBA, 0xBDB7, 0x6B90, 0x3A8D, 0x73F1, 0xBDD7, 0x9CD2, 0x840F, 0xE6FB, 0x9772, 0x9772,
 0x9772, 0x9772, 0x9772, 0x9772, 0xF7BE, 0x632D, 0x5330, 0x4B11, 0x42D0, 0x5372, 0x5AEE, 0x9451, 0xF7BE, 0x9772, 0x9772, 0x9772,
 0x9772, 0x9772, 0x9772, 0x9772, 0xD69A, 0x426D, 0x6458, 0x7D5E, 0x647A, 0x74FB, 0x5B72, 0x8C51, 0xE6FA, 0x9772, 0x9772, 0x9772,
 0x9772, 0x9772, 0x9772, 0xFFBE, 0x8431, 0x5BB3, 0x751B, 0x6458, 0x6C9A, 0x6458, 0x63D4, 0x52AB, 0xBDD5, 0x9772, 0x9772, 0x9772,
 0x9772, 0x9772, 0x9772, 0xF7BE, 0x738E, 0x3A8F, 0x6437, 0x4332, 0x6CBA, 0x5B94, 0x4B10, 0x4AAB, 0xC5D6, 0x9772, 0x9772, 0x9772,
 0x9772, 0x9772, 0x9772, 0x9772, 0x9CB3, 0x1128, 0x5BF6, 0x6479, 0x6C9A, 0x6C99, 0x3ACF, 0x4229, 0xC5D6, 0x9772, 0x9772, 0x9772,
 0x9772, 0x9772, 0x9772, 0x9772, 0xE71C, 0x2146, 0x1948, 0x21AA, 0x1969, 0x1989, 0x08C5, 0x4A49, 0xE6FB, 0x9772, 0x9772, 0x9772,
 0x9772, 0x9772, 0x9772, 0x9772, 0x9772, 0xE71C, 0x528A, 0x18C4, 0x18E4, 0x18C3, 0x3187, 0xC618, 0x9772, 0x9772, 0x9772, 0x9772,

};

const unsigned short bowler7[] = {
 0x9772, 0x9772, 0x9772, 0x9772, 0x9772, 0x9772, 0x9772, 0xF79E, 0xBDB6, 0x83EE, 0x83EE, 0x8C0F, 0xC616, 0x9772, 0x9772, 0x9772,
 0x9772, 0x9772, 0x9772, 0x9772, 0x9772, 0x9772, 0xF7BE, 0x8C50, 0xA4F3, 0xBDF7, 0x94B2, 0x5ACA, 0xC617, 0x9772, 0x9772, 0x9772,
 0x9772, 0x9772, 0x9772, 0x9772, 0x9772, 0x9772, 0xF79E, 0x5ACA, 0x9492, 0xC639, 0x7BCF, 0x8C2F, 0xFFBE, 0x9772, 0x9772, 0x9772,
 0x9772, 0x9772, 0x9772, 0xFFDE, 0xDEB9, 0xEF5C, 0xF79E, 0x6B4C, 0xA4F3, 0xD69A, 0x7BCF, 0x9491, 0xF7BE, 0x9772, 0x9772, 0x9772,
 0x9772, 0x9772, 0xE71B, 0x9491, 0x7BAD, 0xB574, 0xDEDA, 0x6B4C, 0xC5F7, 0xFFFF, 0x94B2, 0x9470, 0xF79D, 0x9772, 0x9772, 0x9772,
 0x9772, 0xF7BE, 0x8C30, 0x8C50, 0xC638, 0x7BCE, 0x840F, 0x5ACA, 0xBDB6, 0xF7BE, 0x8C71, 0x9450, 0xF79E, 0x9772, 0x9772, 0x9772,
 0x9772, 0xFFBE, 0x8C71, 0x8C51, 0xC638, 0x5B0B, 0x52CA, 0x5ACA, 0xB5B6, 0xF7BE, 0x8C50, 0x8C0F, 0xE6FB, 0x9772, 0x9772, 0x9772,
 0x9772, 0xFFDE, 0x9471, 0x7BEF, 0xAD75, 0x6B4D, 0x6B4D, 0x5AEB, 0xB5B6, 0xFFDF, 0xAD75, 0x6B2B, 0xB574, 0xFFDF, 0x9772, 0x9772,
 0x9772, 0xFFBE, 0x8C50, 0x8C51, 0xEF7D, 0xBDD7, 0x632C, 0x4208, 0xB596, 0xFFFF, 0xEF5D, 0x6B2C, 0xA4D2, 0xFFDE, 0x9772, 0x9772,
 0x9772, 0xF7BE, 0x840F, 0x8C51, 0xF7BE, 0xF79E, 0x630C, 0x18E3, 0xB5B6, 0xFFFF, 0xEF7D, 0x736D, 0xA4F2, 0xFFDE, 0x9772, 0x9772,
 0x9772, 0xF7BE, 0x83EF, 0x8C92, 0xFFFF, 0xFFFF, 0x6B6D, 0x18C3, 0xB5B6, 0xFFFF, 0xEF5D, 0x736D, 0xA4F2, 0xFFDF, 0x9772, 0x9772,
 0x9772, 0xF7BE, 0x8410, 0x8C71, 0xFFDF, 0xFFDF, 0x6B4D, 0x18E3, 0xB5B6, 0xFFFF, 0xEF5D, 0x736D, 0xA4F2, 0xFFDF, 0x9772, 0x9772,
 0x9772, 0xF7BE, 0x8410, 0x8C71, 0xFFDF, 0xFFDF, 0x632C, 0x1082, 0xBDD7, 0xFFFF, 0xEF5D, 0x736D, 0xA4F2, 0xFFDF, 0x9772, 0x9772,
 0x9772, 0xF7BE, 0x7BCE, 0x9471, 0xFFDF, 0xFFFF, 0x9492, 0x31A6, 0xBDB6, 0xFFFF, 0xEF5D, 0x6B6D, 0xA4F2, 0xFFDE, 0x9772, 0x9772,
 0x9772, 0xF7BE, 0x7BAE, 0x9491, 0xFFDF, 0xFFFF, 0xEF9E, 0xCE79, 0xE73C, 0xFFFF, 0xEF5D, 0x6B6D, 0xA4F2, 0xFFDF, 0x9772, 0x9772,
 0x9772, 0xF7BE, 0x9471, 0x9471, 0xF79E, 0xFFDF, 0xFFFF, 0xFFFF, 0xFFFF, 0xFFDF, 0xE71C, 0x736D, 0xA4F2, 0xDEDA, 0xF79D, 0x9772,
 0x9772, 0x9772, 0xC618, 0x5ACB, 0x8430, 0x8C50, 0x8430, 0x8430, 0x8430, 0x8C30, 0x83EF, 0x41E7, 0x528A, 0x6B6D, 0xA4F3, 0xE6FA,
 0x9772, 0x9772, 0xC5F7, 0x5AAA, 0xA514, 0x9CB3, 0x738F, 0x73AF, 0x73AF, 0x73D0, 0x6B6D, 0x18E3, 0x1926, 0x5392, 0x4AAC, 0xAD12,
 0x9772, 0xFFDE, 0x738E, 0x422A, 0x7412, 0x6BF3, 0x63D4, 0x6416, 0x6C36, 0x6C35, 0x320A, 0x0041, 0x4AAE, 0x6C37, 0x4AAD, 0xCE38,
 0xFFDF, 0x9CD4, 0x5B72, 0x6417, 0x6416, 0x5BB3, 0x5B92, 0x5B72, 0x5352, 0x63D4, 0x6B90, 0x3A2A, 0x6BB3, 0x6351, 0xAD55, 0x9772,
 0xF7BE, 0x4AAC, 0x851A, 0x7CFA, 0x428E, 0x7C11, 0xB5B7, 0xBDD7, 0xAD55, 0xB597, 0xDEBB, 0x73B0, 0x4AEF, 0x634E, 0xEF5C, 0x9772,
 0xF7BE, 0x6B4D, 0xCEBD, 0xB61A, 0x52AA, 0xD679, 0xFFFF, 0xFFFF, 0xFFFF, 0xFFFF, 0xF79E, 0x6B6E, 0x52CC, 0x738E, 0xEF5C, 0x9772,
 0xF7BE, 0x7BAE, 0xF79D, 0xF79E, 0xA534, 0xEF3C, 0xFFFF, 0xFFFF, 0xFFFF, 0xFFFF, 0xF7BE, 0xB5B6, 0x8C72, 0x7BAE, 0xEF3C, 0x9772,
 0xFFDF, 0xBDD6, 0xCE79, 0xFFFF, 0xFFDF, 0xFFBE, 0xF79E, 0xEF7D, 0xD6BB, 0xEF7D, 0xF7BE, 0xFFFF, 0xBDD7, 0x7B8D, 0xDEBA, 0x9772,
 0x9772, 0xFFBE, 0xA513, 0xDEFB, 0xFFFF, 0xFFDE, 0xE73C, 0xAD98, 0x6BF3, 0xBE3A, 0xEF7D, 0xFFFF, 0xA534, 0x6B0B, 0xDEDA, 0x9772,
 0x9772, 0x9772, 0xE71C, 0xCE79, 0xBE17, 0xDEDA, 0xB596, 0x52EF, 0x320D, 0x6371, 0xBDD7, 0xB595, 0x8430, 0xBDB6, 0xFFDF, 0x9772,
 0x9772, 0x9772, 0x9772, 0xFFDF, 0xDEDB, 0x5B2D, 0x42EF, 0x4B53, 0x42D2, 0x42B0, 0x4AAD, 0x7BCF, 0xD6BA, 0x9772, 0x9772, 0x9772,
 0x9772, 0x9772, 0x9772, 0x9772, 0xC618, 0x428E, 0x647A, 0x6CDD, 0x643A, 0x6C7A, 0x63F6, 0x6B6F, 0xCE37, 0x9772, 0x9772, 0x9772,
 0x9772, 0x9772, 0x9772, 0xF79E, 0x424A, 0x5B95, 0x74DC, 0x53D7, 0x6C9A, 0x647A, 0x7478, 0x52CD, 0xA4F2, 0xFFDF, 0x9772, 0x9772,
 0x9772, 0x9772, 0x9772, 0xEF7D, 0x2946, 0x3A6F, 0x6417, 0x42F2, 0x74FB, 0x6459, 0x4B32, 0x428C, 0xA4F2, 0xFFDF, 0x9772, 0x9772,
 0x9772, 0x9772, 0x9772, 0xF79E, 0x39C7, 0x08C6, 0x5373, 0x6C79, 0x6CDB, 0x74DB, 0x5BD4, 0x29A8, 0x9C91, 0xFFDF, 0x9772, 0x9772,
 0x9772, 0x9772, 0x9772, 0x9772, 0xC638, 0x10C5, 0x08C7, 0x198A, 0x116A, 0x198A, 0x1107, 0x2125, 0xBDB6, 0x9772, 0x9772, 0x9772,
 0x9772, 0x9772, 0x9772, 0x9772, 0x9772, 0xDF1C, 0x8430, 0x3A08, 0x4A69, 0x4209, 0x39C7, 0xBDD6, 0xFFDF, 0x9772, 0x9772, 0x9772,

};

const unsigned short batsman_idle[] = {
 0x9772, 0x9772, 0x9772, 0x9772, 0x9772, 0x9772, 0x9772, 0x9772, 0x9772, 0x9772, 0xFFDF, 0x9CF3, 0x73AE, 0x7BEF, 0xAD55, 0xFFDF,
 0x9772, 0xBDF7, 0x8C92, 0x8451, 0x8C92, 0x8C92, 0x94B2, 0x8450, 0xFFDF, 0x9772, 0xF7BE, 0x6BD1, 0x5B90, 0xA576, 0x9772, 0x9772,
 0x9772, 0x9772, 0x9772, 0x9772, 0x9772, 0x9772, 0x9772, 0x9772, 0x9772, 0x9772, 0x9772, 0x9772, 0xC659, 0xA555, 0xD6DA, 0x9D34,
 0x8451, 0x9CF3, 0x9772, 0x9D14, 0xFFFF, 0xD6FB, 0xAD75, 0xE75D, 0xC659, 0xCE59, 0x9772, 0x9772, 0x8C93, 0x8539, 0xA63D, 0x6390,
 0x9772, 0x9772, 0x9772, 0x9772, 0x9772, 0x9772, 0x9772, 0x9772, 0x9772, 0x9772, 0x9772, 0x9772, 0x9772, 0x9772, 0xDEFB, 0xA555,
 0x9D14, 0x6B8E, 0x7BEF, 0xEF7D, 0x9772, 0xAD75, 0x7C10, 0x7C0F, 0x7BEF, 0x634C, 0xE71C, 0x9772, 0x9772, 0xC659, 0x6413, 0x8DDC,
 0x95FB, 0x7C31, 0x9772, 0x9772, 0x9772, 0x9772, 0x9772, 0x9772, 0x9772, 0x9772, 0x9772, 0x9772, 0x9772, 0x9772, 0x9772, 0x9772,
 0x9772, 0x9CF3, 0xB5B6, 0x8471, 0x7BEF, 0x9772, 0x9772, 0xD69A, 0x8C71, 0xAD96, 0xAD96, 0x8451, 0xF79E, 0x9772, 0x9772, 0x6390,
 0x7D5A, 0x961C, 0x7CB4, 0xCE79, 0x9772, 0x9772, 0x9772, 0x9772, 0x9772, 0x9772, 0x9772, 0x9772, 0x9772, 0x9772, 0x9772, 0x9772,
 0x9772, 0x9772, 0x9772, 0x9D14, 0x73CE, 0x4A8A, 0x73EF, 0xC618, 0x9772, 0xCE79, 0x4A8A, 0x5B0C, 0x8C92, 0x9D13, 0xCE59, 0x9772,
 0xAD76, 0x6435, 0x85BC, 0x8DBA, 0x8472, 0x9772, 0x9772, 0x9772, 0x9772, 0x9772, 0x9772, 0x9772, 0x9772, 0x9772, 0x9772, 0x9772,
 0x9772, 0x9772, 0x9772, 0x9772, 0x9772, 0xB596, 0x73EF, 0x7C10, 0x7C30, 0x94D3, 0x9772, 0xCE59, 0x73CF, 0x9D34, 0x8C92, 0xAD75,
 0xA555, 0x9772, 0x5B4F, 0x753A, 0x8DFD, 0x6C53, 0xDEDB, 0x9772, 0x9772, 0x9772, 0x9772, 0x9772, 0x9772, 0x9772, 0x9772, 0x9772,
 0x9772, 0x9772, 0x9772, 0x9772, 0x9772, 0x9772, 0x9772, 0xC638, 0xBE18, 0xD6FB, 0x8471, 0x73AE, 0xFFDF, 0xCE79, 0xC658, 0xFFFF,
 0x9D14, 0xB5D7, 0x9492, 0xB5F8, 0x6C75, 0x7D5B, 0x8DBA, 0x94D4, 0x9772, 0x9772, 0x9772, 0x9772, 0x9772, 0x9772, 0x9772, 0x9772,
 0x9772, 0x9772, 0x9772, 0x9772, 0x9772, 0x9772, 0x9772, 0x9772, 0x9772, 0xC659, 0x9D14, 0x94D3, 0x6B6D, 0x8431, 0xD69A, 0xE71C,
 0x8430, 0xA555, 0x73AE, 0xCE9A, 0x7BEF, 0x5BB1, 0x7D3A, 0x8DDC, 0x7473, 0xEF5D, 0x9772, 0x9772, 0x9772, 0x9772, 0x9772, 0x9772,
 0x9772, 0x9772, 0x9772, 0x9772, 0x9772, 0x9772, 0x9772, 0x9772, 0x9772, 0x9772, 0x9772, 0xE73C, 0x5B0C, 0x6B6E, 0x634D, 0x7C10,
 0x9CF3, 0xFFFF, 0x6B4D, 0x8C71, 0x5B0B, 0xBDD7, 0x8C71, 0x6413, 0x85BC, 0x8517, 0xBDD7, 0x9772, 0x9772, 0x9772, 0x9772, 0x9772,
 0x9772, 0x9772, 0x9772, 0x9772, 0x9772, 0x9772, 0x9772, 0x9772, 0x9772, 0x9772, 0x9772, 0x9772, 0x9772, 0x9772, 0x9D14, 0x8451,
 0x5B2D, 0x634D, 0x73AE, 0xFFFF, 0x73AE, 0x9CF3, 0x7C10, 0x94B2, 0xBDD7, 0x6C34, 0x95FB, 0x6BF1, 0xFFDF, 0x9772, 0x9772, 0x9772,
 0x9772, 0x9772, 0x9772, 0x9772, 0x9772, 0x9772, 0x9772, 0x9772, 0x9772, 0x9772, 0x9772, 0x9772, 0x9772, 0x9772, 0x9772, 0x9772,
 0xBDF7, 0x73CF, 0x7C10, 0x7C30, 0x7BF0, 0x94B2, 0x8410, 0xA555, 0xB596, 0x8C71, 0xB5B6, 0x84D6, 0x84F6, 0xCE79, 0x9772, 0x9772,
 0x9772, 0x9772, 0x9772, 0x9772, 0x9772, 0x9772, 0x9772, 0x9772, 0x9772, 0x9772, 0x9772, 0x9772, 0x9772, 0x9772, 0x9772, 0x9772,
 0x9772, 0x9772, 0xBDF8, 0xBE59, 0xCEBA, 0xADD7, 0x52CB, 0x8C71, 0xEF7D, 0xFFFF, 0xFFFF, 0xA555, 0x9CF4, 0x8CD5, 0x9D35, 0x9772,
 0x9772, 0x9772, 0x9772, 0x9772, 0x9772, 0x9772, 0x9772, 0x9772, 0x9772, 0x9772, 0x9772, 0x9772, 0x9772, 0x9772, 0x9772, 0x9772,
 0x9772, 0x9772, 0x9772, 0x9772, 0x94D3, 0xCE9A, 0xC659, 0xB5D7, 0x7C10, 0xDF1C, 0xFFFF, 0xFFFF, 0xF7BE, 0x73AE, 0xA514, 0x73AF,
 0xF79E, 0x9772, 0x9772, 0x9772, 0x9772, 0x9772, 0x9772, 0x9772, 0x9772, 0x9772, 0x9772, 0x9772, 0x9772, 0x9772, 0x9772, 0x9772,
 0x9772, 0x9772, 0x9772, 0x9772, 0x9772, 0xCE79, 0xA555, 0xCE9A, 0xC659, 0x94B2, 0xCE79, 0xFFFF, 0xFFFF, 0xFFFF, 0xAD75, 0x31C7,
 0x4A49, 0xCE79, 0x9772, 0x9772, 0x9772, 0x9772, 0x9772, 0x9772, 0x9772, 0x9772, 0x9772, 0x9772, 0x9772, 0x9772, 0x9772, 0x9772,
 0x9772, 0x9772, 0x9772, 0x9772, 0x9772, 0x9772, 0x9772, 0x94B2, 0xCE99, 0xC679, 0x9D14, 0x9D14, 0xFFDF, 0xFFFF, 0xFFFF, 0xF79E,
 0x8450, 0x8C71, 0x52CB, 0x9772, 0x9772, 0x9772, 0x9772, 0x9772, 0x9772, 0x9772, 0x9772, 0x9772, 0x9772, 0x9772, 0x9772, 0x9772,
 0x9772, 0x9772, 0x9772, 0x9772, 0x9772, 0x9772, 0x9772, 0x9772, 0xC638, 0xA555, 0xBDF7, 0x8451, 0x94B3, 0xEF9E, 0xFFFF, 0xFFFF,
 0xFFFF, 0x9CD3, 0x8430, 0x7BF0, 0xCE9A, 0x9772, 0x9772, 0x9772, 0x9772, 0x9772, 0x9772, 0x9772, 0x9772, 0x9772, 0x9772, 0x9772,
 0x9772, 0x9772, 0x9772, 0x9772, 0x9772, 0x9772, 0x9772, 0x9772, 0x9772, 0x9772, 0xBDD7, 0xDEFB, 0xBDD7, 0xC638, 0xF7BE, 0xFFFF,
 0xFFFF, 0xFFFF, 0xE73C, 0x3186, 0x6B6F, 0x5B0C, 0xF79E, 0x9772, 0x9772, 0x9772, 0x9772, 0x9772, 0x9772, 0x9772, 0x9772, 0x9772,
 0x9772, 0x9772, 0x9772, 0x9772, 0x9772, 0x9772, 0x9772, 0x9772, 0x9772, 0x9772, 0x9772, 0x9772, 0xE73C, 0xFFFF, 0xFFFF, 0xFFFF,
 0xFFFF, 0xFFFF, 0xFFFF, 0xFFFF, 0x73AE, 0x0022, 0x530F, 0x5B2E, 0xEF5D, 0x9772, 0x9772, 0x9772, 0x9772, 0x9772, 0x9772, 0x9772,
 0x9772, 0x9772, 0x9772, 0x9772, 0x9772, 0x9772, 0x9772, 0x9772, 0x9772, 0x9772, 0x9772, 0x9772, 0x9772, 0x9772, 0xE71C, 0xFFFF,
 0xFFFF, 0xFFFF, 0xFFFF, 0xFFFF, 0xEF7D, 0x9CD3, 0x0861, 0x31C8, 0x6BD3, 0x530E, 0xEF5C, 0x9772, 0x9772, 0x9772, 0x9772, 0x9772,
 0x9772, 0x9772, 0x9772, 0x9772, 0x9772, 0x9772, 0x9772, 0x9772, 0x9772, 0x9772, 0x9772, 0x9772, 0x9772, 0x9772, 0x9772, 0x9772,
 0xDEDB, 0xDF1C, 0xDEDB, 0xBDF7, 0xA534, 0xA534, 0xA534, 0x9CD3, 0x4A69, 0x52CD, 0x5B94, 0x6392, 0xA555, 0x9772, 0x9772, 0x9772,
 0x9772, 0x9772, 0x9772, 0x9772, 0x9772, 0x9772, 0x9772, 0x9772, 0x9772, 0x9772, 0x9772, 0x9772, 0x9772, 0x9772, 0x9772, 0x9772,
 0x9772, 0x9772, 0xA534, 0xA555, 0xBDD7, 0xC618, 0xD6BA, 0xD6BA, 0xE71C, 0xE73C, 0x7C10, 0x320B, 0x5394, 0x63F4, 0x8472, 0x9772,
 0x9772, 0x9772, 0x9772, 0x9772, 0x9772, 0x9772, 0x9772, 0x9772, 0x9772, 0x9772, 0x9772, 0x9772, 0x9772, 0x9772, 0x9772, 0x9772,
 0x9772, 0x9772, 0x9772, 0x9772, 0xA555, 0xEF5D, 0xFFFF, 0xFFFF, 0xFFFF, 0xFFFF, 0xFFFF, 0xEF7D, 0x8430, 0x08A4, 0x42CF, 0x428D,
 0x7BF0, 0x9772, 0x9772, 0x9772, 0x9772, 0x9772, 0x9772, 0x9772, 0x9772, 0x9772, 0x9772, 0x9772, 0x9772, 0x9772, 0x9772, 0x9772,
 0x9772, 0x9772, 0x9772, 0x9772, 0x9772, 0x9772, 0xD69A, 0xD69A, 0xFFFF, 0xFFFF, 0xFFFF, 0xFFFF, 0xFFFF, 0xFFDF, 0xBDD7, 0x4208,
 0x94F4, 0xB5B7, 0x736D, 0xF7BE, 0x9772, 0x9772, 0x9772, 0x9772, 0x9772, 0x9772, 0x9772, 0x9772, 0x9772, 0x9772, 0x9772, 0x9772,
 0x9772, 0x9772, 0x9772, 0x9772, 0x9772, 0x9772, 0x9772, 0x9772, 0xF79E, 0x9492, 0xFFFF, 0xFFFF, 0xFFFF, 0xFFFF, 0xFFFF, 0xFFFF,
 0xD6BA, 0x7BCE, 0xF7BE, 0xFFFF, 0x8C71, 0xEF5D, 0x9772, 0x9772, 0x9772, 0x9772, 0x9772, 0x9772, 0x9772, 0x9772, 0x9772, 0x9772,
 0x9772, 0x9772, 0x9772, 0x9772, 0x9772, 0x9772, 0x9772, 0x9772, 0x9772, 0x9772, 0xF79E, 0x5B0C, 0xFFFF, 0xFFFF, 0xFFFF, 0xFFFF,
 0xFFFF, 0xFFFF, 0xF7BE, 0x9492, 0xCE79, 0xFFFF, 0x9CF3, 0xEF7D, 0x9772, 0x9772, 0x9772, 0x9772, 0x9772, 0x9772, 0x9772, 0x9772,
 0x9772, 0x9772, 0x9772, 0x9772, 0x9772, 0x9772, 0x9772, 0x9772, 0x9772, 0x9772, 0x9772, 0x9772, 0xF79E, 0x5ACB, 0xEF7D, 0xFFFF,
 0xFFFF, 0xFFFF, 0xFFFF, 0xFFFF, 0xFFFF, 0x9CF3, 0xCE79, 0xFFFF, 0x9CD3, 0xEF7D, 0x9772, 0x9772, 0x9772, 0x9772, 0x9772, 0x9772,
 0x9772, 0x9772, 0x9772, 0x9772, 0x9772, 0x9772, 0x9772, 0x9772, 0x9772, 0x9772, 0x9772, 0x9772, 0x9772, 0x9772, 0xF79E, 0x73CF,
 0xC638, 0xFFFF, 0xFFFF, 0xFFFF, 0xFFFF, 0xFFFF, 0xFFFF, 0xE73C, 0xDEFB, 0xFFFF, 0x9CF3, 0xEF5D, 0x9772, 0x9772, 0x9772, 0x9772,
 0x9772, 0x9772, 0x9772, 0x9772, 0x9772, 0x9772, 0x9772, 0x9772, 0x9772, 0x9772, 0x9772, 0x9772, 0x9772, 0x9772, 0x9772, 0x9772,
 0xF7BE, 0x94B2, 0xE73C, 0xFFFF, 0xFFFF, 0xFFFF, 0xFFFF, 0xFFFF, 0xFFFF, 0xFFFF, 0xFFDF, 0xFFFF, 0x8C71, 0xF79E, 0x9772, 0x9772,
 0x9772, 0x9772, 0x9772, 0x9772, 0x9772, 0x9772, 0x9772, 0x9772, 0x9772, 0x9772, 0x9772, 0x9772, 0x9772, 0x9772, 0x9772, 0x9772,
 0x9772, 0x9772, 0x9772, 0xA534, 0xFFFF, 0xFFFF, 0xFFFF, 0xFFFF, 0xFFFF, 0xFFFF, 0xFFFF, 0xFFFF, 0xFFFF, 0xC638, 0x9492, 0x9772,
 0x9772, 0x9772, 0x9772, 0x9772, 0x9772, 0x9772, 0x9772, 0x9772, 0x9772, 0x9772, 0x9772, 0x9772, 0x9772, 0x9772, 0x9772, 0x9772,
 0x9772, 0x9772, 0x9772, 0x9772, 0x9772, 0xEF7D, 0xAD75, 0xCE99, 0xFFFF, 0xFFFF, 0xFFFF, 0xFFFF, 0xF79E, 0xCE59, 0x8C71, 0xA555,
 0x9772, 0x9772, 0x9772, 0x9772, 0x9772, 0x9772, 0x9772, 0x9772, 0x9772, 0x9772, 0x9772, 0x9772, 0x9772, 0x9772, 0x9772, 0x9772,
 0x9772, 0x9772, 0x9772, 0x9772, 0x9772, 0x9772, 0x9772, 0x9772, 0x9772, 0xB5B6, 0x94B2, 0x8C71, 0xB596, 0xAD75, 0x94B3, 0x52AB,
 0xD6BA, 0x9772, 0x9772, 0x9772, 0x9772, 0x9772, 0x9772, 0x9772, 0x9772, 0x9772, 0x9772, 0x9772, 0x9772, 0x9772, 0x9772, 0x9772,
 0x9772, 0x9772, 0x9772, 0x9772, 0x9772, 0x9772, 0x9772, 0x9772, 0x9772, 0x9772, 0x9772, 0x9772, 0xB5B7, 0x39E8, 0x4A49, 0x4A69,
 0x3186, 0x39E8, 0x6B6D, 0xF7BE, 0x9772, 0x9772, 0x9772, 0x9772, 0x9772, 0x9772, 0x9772, 0x9772, 0x9772, 0x9772, 0x9772, 0x9772,
 0x9772, 0x9772, 0x9772, 0x9772, 0x9772, 0x9772, 0x9772, 0x9772, 0x9772, 0x9772, 0x9772, 0x9772, 0x9772, 0x9772, 0x94B2, 0x39C7,
 0x0000, 0x0000, 0x0000, 0x20E3, 0x5AEB, 0xDF1B, 0x9772, 0x9772, 0x9772, 0x9772, 0x9772, 0x9772, 0x9772, 0x9772, 0x9772, 0x9772,
 0x9772, 0x9772, 0x9772, 0x9772, 0x9772, 0x9772, 0x9772, 0x9772, 0x9772, 0x9772, 0x9772, 0x9772, 0x9772, 0x9772, 0x9772, 0x9772,
 0x7BCF, 0x3124, 0x3103, 0x3923, 0x3924, 0x3144, 0x3186, 0xE73C, 0x9772, 0x9772, 0x9772, 0x9772, 0x9772, 0x9772, 0x9772, 0x9772,
 0x9772, 0x9772, 0x9772, 0x9772, 0x9772, 0x9772, 0x9772, 0x9772, 0x9772, 0x9772, 0x9772, 0x9772, 0x9772, 0x9772, 0x9772, 0x9772,
 0x9772, 0x9772, 0x8C51, 0x3123, 0x5185, 0x4984, 0x5185, 0x3964, 0x2924, 0xEF7E, 0x9772, 0x9772, 0x9772, 0x9772, 0x9772, 0x9772,
 0x9772, 0x9772, 0x9772, 0x9772, 0x9772, 0x9772, 0x9772, 0x9772, 0x9772, 0x9772, 0x9772, 0x9772, 0x9772, 0x9772, 0x9772, 0x9772,
 0x9772, 0x9772, 0x9772, 0x9772, 0xEF3C, 0x3965, 0x51C6, 0x5A07, 0x51E6, 0x3965, 0x8C30, 0x9772, 0x9772, 0x9772, 0x9772, 0x9772,
 0x9772, 0x9772, 0x9772, 0x9772, 0x9772, 0x9772, 0x9772, 0x9772, 0x9772, 0x9772, 0x9772, 0x9772, 0x9772, 0x9772, 0x9772, 0x9772,
 0x9772, 0x9772, 0x9772, 0x9772, 0x9772, 0x9772, 0x9772, 0xDEFB, 0x736D, 0x5AAA, 0x62CA, 0x9471, 0xFFDF, 0x9772, 0x9772, 0x9772,
 0x9772, 0x9772, 0x9772, 0x9772, 0x9772, 0x9772, 0x9772, 0x9772, 0x9772, 0x9772, 0x9772, 0x9772, 0x9772, 0x9772, 0x9772, 0x9772,
 0x9772, 0x9772, 0x9772, 0x9772, 0x9772, 0x9772, 0x9772, 0x9772, 0x9772, 0x9772, 0x9772, 0x9772, 0x9772, 0x9772, 0x9772, 0x9772,
 0x9772, 0x9772, 0x9772, 0x9772, 0x9772, 0x9772, 0x9772, 0x9772, 0x9772, 0x9772, 0x9772, 0x9772, 0x9772, 0x9772, 0x9772, 0x9772,
 0x9772, 0x9772, 0x9772, 0x9772, 0x9772, 0x9772, 0x9772, 0x9772, 0x9772, 0x9772, 0x9772, 0x9772, 0x9772, 0x9772, 0x9772, 0x9772,
 0x9772, 0x9772, 0x9772, 0x9772, 0x9772, 0x9772, 0x9772, 0x9772, 0x9772, 0x9772, 0x9772, 0x9772, 0x9772, 0x9772, 0x9772, 0x9772,
 0x9772, 0x9772, 0x9772, 0x9772, 0x9772, 0x9772, 0x9772, 0x9772, 0x9772, 0x9772, 0x9772, 0x9772, 0x9772, 0x9772, 0x9772, 0x9772,
 0x9772, 0x9772, 0x9772, 0x9772, 0x9772, 0x9772, 0x9772, 0x9772, 0x9772, 0x9772, 0x9772, 0x9772, 0x9772, 0x9772, 0x9772, 0x9772,
 0x9772, 0x9772, 0x9772, 0x9772, 0x9772, 0x9772, 0x9772, 0x9772, 0x9772, 0x9772, 0x9772, 0x9772, 0x9772, 0x9772, 0x9772, 0x9772,
 0x9772, 0x9772, 0x9772, 0x9772, 0x9772, 0x9772, 0x9772, 0x9772, 0x9772, 0x9772, 0x9772, 0x9772, 0x9772, 0x9772, 0x9772, 0x9772,
 0x9772, 0x9772, 0x9772, 0x9772, 0x9772, 0x9772, 0x9772, 0x9772, 0x9772, 0x9772, 0x9772, 0x9772, 0x9772, 0x9772, 0x9772, 0x9772,
 0x9772, 0x9772, 0x9772, 0x9772, 0x9772, 0x9772, 0x9772, 0x9772, 0x9772, 0x9772, 0x9772, 0x9772, 0x9772, 0x9772, 0x9772, 0x9772,
 0x9772, 0x9772, 0x9772, 0x9772, 0x9772, 0x9772, 0x9772, 0x9772, 0x9772, 0x9772, 0x9772, 0x9772, 0x9772, 0x9772, 0x9772, 0x9772,
 0x9772, 0x9772, 0x9772, 0x9772, 0x9772, 0x9772, 0x9772, 0x9772, 0x9772, 0x9772, 0x9772, 0x9772, 0x9772, 0x9772, 0x9772, 0x9772,
 0x9772, 0x9772, 0x9772, 0x9772, 0x9772, 0x9772, 0x9772, 0x9772, 0x9772, 0x9772, 0x9772, 0x9772, 0x9772, 0x9772, 0x9772, 0x9772,
 0x9772, 0x9772, 0x9772, 0x9772, 0x9772, 0x9772, 0x9772, 0x9772, 0x9772, 0x9772, 0x9772, 0x9772, 0x9772, 0x9772, 0x9772, 0x9772,
 0x9772, 0x9772, 0x9772, 0x9772, 0x9772, 0x9772, 0x9772, 0x9772, 0x9772, 0x9772, 0x9772, 0x9772, 0x9772, 0x9772, 0x9772, 0x9772,
 0x9772, 0x9772, 0x9772, 0x9772, 0x9772, 0x9772, 0x9772, 0x9772, 0x9772, 0x9772, 0x9772, 0x9772, 0x9772, 0x9772, 0x9772, 0x9772,
 0x9772, 0x9772, 0x9772, 0x9772, 0x9772, 0x9772, 0x9772, 0x9772, 0x9772, 0x9772, 0x9772, 0x9772, 0x9772, 0x9772, 0x9772, 0x9772,
 0x9772, 0x9772, 0x9772, 0x9772, 0x9772, 0x9772, 0x9772, 0x9772, 0x9772, 0x9772, 0x9772, 0x9772, 0x9772, 0x9772, 0x9772, 0x9772,
 0x9772, 0x9772, 0x9772, 0x9772, 0x9772, 0x9772, 0x9772, 0x9772, 0x9772, 0x9772, 0x9772, 0x9772,
};

const unsigned short left_batsman1[] = {
 0x9772, 0x9772, 0x9772, 0x9772, 0x9772, 0x9772, 0x9772, 0x9772, 0x9772, 0x9772, 0xE73C, 0xA534, 0x6B6D, 0x7BEF, 0x6B8D, 0xD69A,
 0x9772, 0x9772, 0x9772, 0x9772, 0x9772, 0x9772, 0x9772, 0x9772, 0x9772, 0x9772, 0x9772, 0x9772, 0x9772, 0x9772, 0x9772, 0x9772,
 0x9772, 0x9772, 0x9772, 0x9772, 0x9772, 0x9772, 0x9772, 0x9772, 0x9772, 0x9772, 0x9772, 0x9772, 0x8451, 0xC679, 0xDEFB, 0xC659,
 0xA534, 0xE73C, 0x9772, 0x9772, 0x9772, 0xBDF7, 0x8C92, 0x8C92, 0x8C51, 0x8C71, 0x8410, 0xEF5D, 0x9772, 0x9772, 0x9772, 0x9772,
 0x9772, 0x9772, 0x9772, 0x9772, 0x9772, 0x9772, 0x9772, 0x9772, 0x9772, 0x9772, 0x9772, 0x9772, 0x9772, 0x9772, 0xAD75, 0x8451,
 0x9CF3, 0x5B0C, 0x9772, 0x9772, 0x9772, 0x9772, 0xF7BE, 0x8C71, 0x94F3, 0x8430, 0xDEFB, 0xC638, 0x8C51, 0xEF5D, 0x9772, 0x9772,
 0x9772, 0x9772, 0x9772, 0x9772, 0x9772, 0x9772, 0x9772, 0x9772, 0x9772, 0x9772, 0x9772, 0x9772, 0x9772, 0x9772, 0x9772, 0x9772,
 0xB596, 0xAD96, 0xD69A, 0xB5D7, 0x94B2, 0x9772, 0x9772, 0x9772, 0xF7BE, 0x7C10, 0x7BEF, 0xB5B6, 0x8C92, 0xAD75, 0x9772, 0x9772,
 0x9772, 0x9772, 0x9772, 0x9772, 0x9772, 0x9772, 0x9772, 0x9772, 0x9772, 0x9772, 0x9772, 0x9772, 0x9772, 0x9772, 0x9772, 0x9772,
 0x9772, 0x9772, 0xF79E, 0x9492, 0xAD96, 0xEF7D, 0x8430, 0xBDF7, 0x9772, 0x9772, 0xFFDF, 0x6B6D, 0x6B6D, 0xD6BA, 0x7BEF, 0x9772,
 0x9772, 0x9772, 0x9772, 0x9772, 0x9772, 0x9772, 0x9772, 0x9772, 0x9772, 0x9772, 0x9772, 0x9772, 0x9772, 0x9772, 0x9772, 0x9772,
 0x9772, 0x9772, 0x9772, 0x9772, 0x9772, 0xD6BA, 0x73AE, 0xAD75, 0xD6DB, 0x6B6D, 0xE71C, 0x9772, 0x9772, 0x7C0F, 0x73AE, 0xC638,
 0x8430, 0xF79E, 0x9772, 0x9772, 0x9772, 0x9772, 0x9772, 0x9772, 0x9772, 0x9772, 0x9772, 0x9772, 0x9772, 0x9772, 0x9772, 0x9772,
 0x9772, 0x9772, 0x9772, 0x9772, 0x9772, 0x9772, 0x9772, 0x9772, 0xB5B6, 0xA534, 0xD6DB, 0xC659, 0x8410, 0x9772, 0xF7BE, 0x9CF3,
 0xA534, 0xC638, 0xBDF7, 0x9CF3, 0x9772, 0x9772, 0x9772, 0x9772, 0x9772, 0x9772, 0x9772, 0x9772, 0x9772, 0x9772, 0x9772, 0x9772,
 0x9772, 0x9772, 0x9772, 0x9772, 0x9772, 0x9772, 0x9772, 0x9772, 0x9772, 0x9772, 0xBDF7, 0xB5B6, 0xA534, 0xEF7D, 0x9CF3, 0xA554,
 0xFFFF, 0x6B8D, 0x73AE, 0xC659, 0xC638, 0x8C71, 0x9772, 0x9772, 0x9772, 0x9772, 0x9772, 0x9772, 0x9772, 0x9772, 0x9772, 0x9772,
 0x9772, 0x9772, 0x9772, 0x9772, 0x9772, 0x9772, 0x9772, 0x9772, 0x9772, 0x9772, 0x9772, 0x9772, 0xDEDB, 0x6B6D, 0x7BEF, 0xB596,
 0xDEFB, 0x8430, 0x94B2, 0x8471, 0x8CB2, 0xBDF7, 0xBDD7, 0x8430, 0x9772, 0x9772, 0x9772, 0x9772, 0x9772, 0x9772, 0x9772, 0x9772,
 0x9772, 0x9772, 0x9772, 0x9772, 0x9772, 0x9772, 0x9772, 0x9772, 0x9772, 0x9772, 0x9772, 0x9772, 0x9772, 0x9772, 0x9772, 0xBDF7,
 0xA534, 0x7BEF, 0xE75D, 0xE75C, 0x52EB, 0x73CF, 0x7C30, 0x7C0F, 0xB5B6, 0x8430, 0x9772, 0x9772, 0x9772, 0x9772, 0x9772, 0x9772,
 0x9772, 0x9772, 0x9772, 0x9772, 0x9772, 0x9772, 0x9772, 0x9772, 0x9772, 0x9772, 0x9772, 0x9772, 0x9772, 0x9772, 0x9772, 0x9772,
 0x9772, 0x9772, 0x6B6D, 0x634D, 0xAD95, 0xEF7D, 0x8C71, 0x4249, 0x632C, 0x7BCF, 0xDEFB, 0x7BCF, 0x9772, 0x9772, 0x9772, 0x9772,
 0x9772, 0x9772, 0x9772, 0x9772, 0x9772, 0x9772, 0x9772, 0x9772, 0x9772, 0x9772, 0x9772, 0x9772, 0x9772, 0x9772, 0x9772, 0x9772,
 0x9772, 0x9772, 0x9772, 0xE73C, 0x9CF3, 0xDF1C, 0x8451, 0xD6DA, 0xDF3C, 0x6B6D, 0xB5D7, 0x9CD3, 0xCE9A, 0x7BCF, 0x9772, 0x9772,
 0x9772, 0x9772, 0x9772, 0x9772, 0x9772, 0x9772, 0x9772, 0x9772, 0x9772, 0x9772, 0x9772, 0x9772, 0x9772, 0x9772, 0x9772, 0x9772,
 0x9772, 0x9772, 0x9772, 0x9772, 0x9772, 0xA514, 0xEF9D, 0xFFFF, 0xCE79, 0x8451, 0xB5B6, 0x94B2, 0xFFFF, 0x9CF3, 0xA534, 0x9CF3,
 0x9772, 0x9772, 0x9772, 0x9772, 0x9772, 0x9772, 0x9772, 0x9772, 0x9772, 0x9772, 0x9772, 0x9772, 0x9772, 0x9772, 0x9772, 0x9772,
 0x9772, 0x9772, 0x9772, 0x9772, 0x9772, 0x9772, 0xEF5D, 0x94D3, 0xFFFF, 0xFFFF, 0xFFFF, 0x9D14, 0x634D, 0xCE9A, 0xEF9E, 0x8C71,
 0xA555, 0x94B2, 0x9772, 0x9772, 0x9772, 0x9772, 0x9772, 0x9772, 0xEF5D, 0xC638, 0xEF7D, 0x9772, 0x9772, 0x9772, 0x9772, 0x9772,
 0x9772, 0x9772, 0x9772, 0x9772, 0x9772, 0x9772, 0x9772, 0x9772, 0xAD96, 0xE73C, 0xFFFF, 0xFFFF, 0xFFFF, 0xAD95, 0xD6BB, 0xFFFF,
 0xC679, 0x7C0F, 0xAD75, 0xDEDB, 0x9772, 0xFFBE, 0xCE79, 0xBDF7, 0x9492, 0x6BAF, 0x6370, 0x63F2, 0x636F, 0xEF7D, 0x9772, 0x9772,
 0x9772, 0x9772, 0x9772, 0x9772, 0x9772, 0x9772, 0x9772, 0x9772, 0x9772, 0xFFDF, 0x94D3, 0xFFFF, 0xFFFF, 0xFFFF, 0xFFFF, 0xB5D6,
 0xFFFF, 0xFFFF, 0x9CF2, 0xD6BA, 0xDEFB, 0xBDF7, 0x7C11, 0x638F, 0x534F, 0x6C14, 0x7CB7, 0x7D19, 0x855B, 0x95DC, 0x6C12, 0xCE59,
 0x9772, 0x9772, 0x9772, 0x9772, 0x9772, 0x9772, 0x9772, 0x9772, 0x9772, 0x9772, 0x9772, 0xB5B6, 0xC618, 0xFFFF, 0xFFFF, 0xFFFF,
 0xF79E, 0x9D14, 0x9492, 0xA534, 0x4A6A, 0x52CD, 0x4ACE, 0x5BD3, 0x6436, 0x74FA, 0x7D5B, 0x85BC, 0x8DDD, 0x95DC, 0x9DDB, 0x84D6,
 0x6BF1, 0xDEDB, 0x9772, 0x9772, 0x9772, 0x9772, 0x9772, 0x9772, 0x9772, 0x9772, 0x9772, 0x9772, 0x9772, 0xA514, 0xF7BE, 0xFFDF,
 0x9CF3, 0x7BEF, 0x6B6E, 0x634C, 0x7BCE, 0x31A6, 0x3A6C, 0x855B, 0x7D5B, 0x85DD, 0x85BC, 0x859B, 0x8539, 0x6C54, 0x84B5, 0x94F4,
 0xA555, 0x9D34, 0xBE39, 0xEF7D, 0x9772, 0x9772, 0x9772, 0x9772, 0x9772, 0x9772, 0x9772, 0x9772, 0x9772, 0x9772, 0x9772, 0xB596,
 0xE75D, 0x8C51, 0x94B2, 0x94D3, 0x528A, 0x5B0C, 0x6B6D, 0x52AA, 0x42AC, 0x9E1C, 0x95DB, 0x7494, 0x63F1, 0x8CD4, 0xAD97, 0xC618,
 0xF79E, 0x9772, 0x9772, 0xFFDF, 0xC659, 0xE73C, 0x9772, 0x9772, 0x9772, 0x9772, 0x9772, 0x9772, 0x9772, 0x9772, 0x9772, 0x9772,
 0x9772, 0xAD55, 0x4A8A, 0x4249, 0xFFFF, 0xC638, 0x5AEB, 0x29A7, 0x7BF0, 0x83CF, 0xCE59, 0xAD76, 0xAD76, 0xDEDB, 0xE71C, 0x9772,
 0x9772, 0x9772, 0x9772, 0x9772, 0x9772, 0xF7BE, 0xB5D7, 0xDEFB, 0x9772, 0x9772, 0x9772, 0x9772, 0x9772, 0x9772, 0x9772, 0x9772,
 0x9772, 0x9772, 0x9772, 0xAD75, 0x7C10, 0x1905, 0x9D55, 0x9CF4, 0x73CF, 0x4A8B, 0x7C13, 0x634E, 0x9772, 0x9772, 0x9772, 0x9772,
 0x9772, 0x9772, 0x9772, 0xF7BF, 0xF7BE, 0xFFDF, 0x9772, 0xFFDF, 0xAD97, 0xCE59, 0x9772, 0x9772, 0x9772, 0x9772, 0x9772, 0x9772,
 0x9772, 0x9772, 0x9772, 0x9772, 0x9772, 0xAD95, 0x6BD1, 0x42AF, 0x5B2E, 0x7C10, 0xFFDF, 0x8432, 0x3291, 0x42D0, 0xAD96, 0x9772,
 0x9772, 0x9772, 0x9772, 0x9772, 0x9772, 0xF7BE, 0xF7DF, 0xFFDF, 0x9772, 0x9772, 0xBDF8, 0xBE18, 0x9772, 0x9772, 0x9772, 0x9772,
 0x9772, 0x9772, 0x9772, 0x9772, 0x9772, 0x9772, 0x9772, 0x632F, 0x5375, 0x4B74, 0x6B90, 0xEF7D, 0xFFFF, 0xA514, 0x322E, 0x5BD7,
 0x5B2F, 0x9772, 0x9772, 0x9772, 0x9772, 0x9772, 0x9772, 0xFFDF, 0xFFDF, 0xF7DF, 0xF7BE, 0x9772, 0xC659, 0xC639, 0x9772, 0x9772,
 0x9772, 0x9772, 0x9772, 0x9772, 0x9772, 0x9772, 0x9772, 0x9772, 0x8452, 0x5353, 0x5BF8, 0x4B31, 0xDEDC, 0xFFFF, 0xFFFF, 0xDEFB,
 0x320A, 0x5BF8, 0x324D, 0xA534, 0x9772, 0x9772, 0x9772, 0x9772, 0x9772, 0xFFDF, 0xF7BF, 0xFFDF, 0xEF7E, 0x9772, 0xCE7A, 0xCE79,
 0x9772, 0x9772, 0x9772, 0x9772, 0x9772, 0x9772, 0x9772, 0x9772, 0x9772, 0x9772, 0x426D, 0x645A, 0x4B73, 0x94D4, 0xFFFF, 0xFFFF,
 0xFFFF, 0xFFFF, 0x8452, 0x3AAF, 0x532F, 0x4248, 0xEF7D, 0x9772, 0x9772, 0x9772, 0x9772, 0xFFDF, 0xF7BE, 0xFFDF, 0xEF9E, 0x9772,
 0xCE9A, 0xC659, 0x9772, 0x9772, 0x9772, 0x9772, 0x9772, 0x9772, 0x9772, 0x9772, 0x9772, 0x9772, 0x4ACE, 0x6417, 0x3A4C, 0x8431,
 0xFFFF, 0xFFFF, 0xFFFF, 0xFFFF, 0xB596, 0x7BEF, 0xEF5D, 0x73CF, 0xDEDB, 0x9772, 0x9772, 0x9772, 0x9772, 0x9772, 0xF7BE, 0xFFDF,
 0xF79E, 0x9772, 0xD6DB, 0xE73C, 0x9772, 0x9772, 0x9772, 0x9772, 0x9772, 0x9772, 0x9772, 0x9772, 0x9772, 0x9772, 0x634E, 0x8C73,
 0xB5B7, 0x9CF3, 0xC618, 0xFFFF, 0xFFDF, 0xFFFF, 0xEF7D, 0xA513, 0xFFFF, 0xC638, 0x94D2, 0x9772, 0x9772, 0x9772, 0x9772, 0x9772,
 0xF7DF, 0xF7BF, 0xF79E, 0x9772, 0xD6BA, 0xEF9E, 0x9772, 0x9772, 0x9772, 0x9772, 0x9772, 0x9772, 0x9772, 0x9772, 0x9772, 0x9772,
 0xCE58, 0xEF5D, 0xFFFF, 0xE73C, 0xA514, 0xF7BE, 0xFFFF, 0xEF7D, 0xFFDE, 0xCE58, 0xEF7D, 0xFFDF, 0x6B8E, 0x9772, 0x9772, 0x9772,
 0x9772, 0x9772, 0x9772, 0xF79E, 0xEF7D, 0xF7BE, 0xD69A, 0x9772, 0x9772, 0x9772, 0x9772, 0x9772, 0x9772, 0x9772, 0x9772, 0x9772,
 0x9772, 0x9772, 0xF7BE, 0x9CD3, 0xFFFF, 0xFFFF, 0xC659, 0xF7BE, 0xFFFF, 0xC638, 0xBDF7, 0xFFFF, 0xFFFF, 0xF7BE, 0x6B4D, 0x9772,
 0x9772, 0x9772, 0x9772, 0x9772, 0x9772, 0xEF7D, 0xE73D, 0xF7DF, 0xDEFC, 0x9772, 0x9772, 0x9772, 0x9772, 0x9772, 0x9772, 0x9772,
 0x9772, 0x9772, 0x9772, 0x9772, 0x9772, 0x9CD3, 0xF7BE, 0xFFFF, 0xFFFF, 0xD69A, 0xADB6, 0x6B8F, 0x738F, 0xFFFF, 0xFFFF, 0x9D13,
 0xCE59, 0x9772, 0x9772, 0x9772, 0x9772, 0x9772, 0x9772, 0xE75D, 0xF7DF, 0xF7BE, 0xEF5D, 0x9772, 0x9772, 0x9772, 0x9772, 0x9772,
 0x9772, 0x9772, 0x9772, 0x9772, 0x9772, 0x9772, 0x9772, 0xF79E, 0xA534, 0xFFFF, 0xFFFF, 0xB5B6, 0x8452, 0x3A6E, 0x3A90, 0x8C93,
 0xA534, 0xC638, 0x9772, 0x9772, 0x9772, 0x9772, 0x9772, 0x9772, 0x9772, 0xEF7E, 0xFFFF, 0xEF5D, 0xFFDF, 0x9772, 0x9772, 0x9772,
 0x9772, 0x9772, 0x9772, 0x9772, 0x9772, 0x9772, 0x9772, 0x9772, 0x9772, 0x9772, 0xDEDB, 0xA555, 0xB5B6, 0x8C71, 0x6B90, 0x4313,
 0x4B75, 0x324D, 0x632D, 0x9772, 0x9772, 0x9772, 0x9772, 0x9772, 0x9772, 0x9772, 0xEF7D, 0xF7BE, 0xFFDF, 0xF7BE, 0x9772, 0x9772,
 0x9772, 0x9772, 0x9772, 0x9772, 0x9772, 0x9772, 0x9772, 0x9772, 0x9772, 0x9772, 0x9772, 0x9772, 0x9772, 0x9772, 0x9772, 0xDEDB,
 0x3A09, 0x1927, 0x1928, 0x3A2B, 0x52AB, 0xCE79, 0x9772, 0x9772, 0x9772, 0x9772, 0x9772, 0xFFDF, 0xE73D, 0x9772, 0x9772, 0x9772,
 0x9772, 0x9772, 0x9772, 0x9772, 0x9772, 0x9772, 0x9772, 0x9772, 0x9772, 0x9772, 0x9772, 0x9772, 0x9772, 0x9772, 0x9772, 0x9772,
 0x9772, 0xEF5D, 0x1081, 0x0800, 0x0800, 0x1082, 0x424A, 0xA535, 0x9772, 0x9772, 0x9772, 0x9772, 0x9772, 0xF7BE, 0xFFDF, 0x9772,
 0x9772, 0x9772, 0x9772, 0x9772, 0x9772, 0x9772, 0x9772, 0x9772, 0x9772, 0x9772, 0x9772, 0x9772, 0x9772, 0x9772, 0x9772, 0x9772,
 0x9772, 0x9772, 0x9772, 0xBDF7, 0x20E2, 0x3944, 0x4124, 0x4144, 0x3944, 0x738E, 0x9772, 0x9772, 0x9772, 0x9772, 0x9772, 0x9772,
 0x9772, 0x9772, 0x9772, 0x9772, 0x9772, 0x9772, 0x9772, 0x9772, 0x9772, 0x9772, 0x9772, 0x9772, 0x9772, 0x9772, 0x9772, 0x9772,
 0x9772, 0x9772, 0x9772, 0x9772, 0x9772, 0xD6BA, 0x3144, 0x4985, 0x5144, 0x4964, 0x3103, 0x736D, 0x9772, 0x9772, 0x9772, 0x9772,
 0x9772, 0x9772, 0x9772, 0x9772, 0x9772, 0x9772, 0x9772, 0x9772, 0x9772, 0x9772, 0x9772, 0x9772, 0x9772, 0x9772, 0x9772, 0x9772,
 0x9772, 0x9772, 0x9772, 0x9772, 0x9772, 0x9772, 0x9772, 0x9772, 0x840F, 0x49A5, 0x51C6, 0x49C6, 0x2924, 0xB575, 0x9772, 0x9772,
 0x9772, 0x9772, 0x9772, 0x9772, 0x9772, 0x9772, 0x9772, 0x9772, 0x9772, 0x9772, 0x9772, 0x9772, 0x9772, 0x9772, 0x9772, 0x9772,
 0x9772, 0x9772, 0x9772, 0x9772, 0x9772, 0x9772, 0x9772, 0x9772, 0x9772, 0x9772, 0x9772, 0xAD34, 0x83CF, 0x83EF, 0xB575, 0x9772,
 0x9772, 0x9772, 0x9772, 0x9772, 0x9772, 0x9772, 0x9772, 0x9772, 0x9772, 0x9772, 0x9772, 0x9772, 0x9772, 0x9772, 0x9772, 0x9772,
 0x9772, 0x9772, 0x9772, 0x9772, 0x9772, 0x9772, 0x9772, 0x9772, 0x9772, 0x9772, 0x9772, 0x9772, 0x9772, 0x9772, 0x9772, 0x9772,
 0x9772, 0x9772, 0x9772, 0x9772, 0x9772, 0x9772, 0x9772, 0x9772, 0x9772, 0x9772, 0x9772, 0x9772, 0x9772, 0x9772, 0x9772, 0x9772,
 0x9772, 0x9772, 0x9772, 0x9772, 0x9772, 0x9772, 0x9772, 0x9772, 0x9772, 0x9772, 0x9772, 0x9772, 0x9772, 0x9772, 0x9772, 0x9772,
 0x9772, 0x9772, 0x9772, 0x9772, 0x9772, 0x9772, 0x9772, 0x9772, 0x9772, 0x9772, 0x9772, 0x9772, 0x9772, 0x9772, 0x9772, 0x9772,
 0x9772, 0x9772, 0x9772, 0x9772, 0x9772, 0x9772, 0x9772, 0x9772, 0x9772, 0x9772, 0x9772, 0x9772, 0x9772, 0x9772, 0x9772, 0x9772,
 0x9772, 0x9772, 0x9772, 0x9772, 0x9772, 0x9772, 0x9772, 0x9772, 0x9772, 0x9772, 0x9772, 0x9772, 0x9772, 0x9772, 0x9772, 0x9772,
 0x9772, 0x9772, 0x9772, 0x9772, 0x9772, 0x9772, 0x9772, 0x9772, 0x9772, 0x9772, 0x9772, 0x9772, 0x9772, 0x9772, 0x9772, 0x9772,
 0x9772, 0x9772, 0x9772, 0x9772, 0x9772, 0x9772, 0x9772, 0x9772, 0x9772, 0x9772, 0x9772, 0x9772, 0x9772, 0x9772, 0x9772, 0x9772,
 0x9772, 0x9772, 0x9772, 0x9772, 0x9772, 0x9772, 0x9772, 0x9772, 0x9772, 0x9772, 0x9772, 0x9772, 0x9772, 0x9772, 0x9772, 0x9772,
 0x9772, 0x9772, 0x9772, 0x9772, 0x9772, 0x9772, 0x9772, 0x9772, 0x9772, 0x9772, 0x9772, 0x9772, 0x9772, 0x9772, 0x9772, 0x9772,
 0x9772, 0x9772, 0x9772, 0x9772, 0x9772, 0x9772, 0x9772, 0x9772, 0x9772, 0x9772, 0x9772, 0x9772, 0x9772, 0x9772, 0x9772, 0x9772,
 0x9772, 0x9772, 0x9772, 0x9772, 0x9772, 0x9772, 0x9772, 0x9772, 0x9772, 0x9772, 0x9772, 0x9772, 0x9772, 0x9772, 0x9772, 0x9772,
 0x9772, 0x9772, 0x9772, 0x9772, 0x9772, 0x9772, 0x9772, 0x9772, 0x9772, 0x9772, 0x9772, 0x9772, 0x9772, 0x9772, 0x9772, 0x9772,
 0x9772, 0x9772, 0x9772, 0x9772, 0x9772, 0x9772, 0x9772, 0x9772, 0x9772, 0x9772, 0x9772, 0x9772, 0x9772, 0x9772, 0x9772, 0x9772,
 0x9772, 0x9772, 0x9772, 0x9772, 0x9772, 0x9772, 0x9772, 0x9772, 0x9772, 0x9772, 0x9772, 0x9772, 0x9772, 0x9772, 0x9772, 0x9772,
 0x9772, 0x9772, 0x9772, 0x9772, 0x9772, 0x9772, 0x9772, 0x9772, 0x9772, 0x9772, 0x9772, 0x9772, 0x9772, 0x9772, 0x9772, 0x9772,
 0x9772, 0x9772, 0x9772, 0x9772, 0x9772, 0x9772, 0x9772, 0x9772, 0x9772, 0x9772, 0x9772, 0x9772,
};

const unsigned short left_batsman2[] = {
 0x9772, 0x9772, 0x9772, 0x9772, 0x9772, 0x9772, 0x9772, 0x9772, 0x9772, 0x9772, 0x9772, 0x9772, 0xF79E, 0xE71C, 0xEF7D, 0x9772,
 0x9772, 0x9772, 0x9772, 0x9772, 0x9772, 0xE71C, 0xE71C, 0xF79E, 0x9772, 0x9772, 0x9772, 0x9772, 0x9772, 0x9772, 0x9772, 0x9772,
 0x9772, 0x9772, 0x9772, 0x9772, 0x9772, 0x9772, 0x9772, 0x9772, 0x9772, 0x9772, 0x9772, 0x9772, 0x9772, 0xEF5D, 0x94D3, 0xAD55,
 0x8C71, 0xAD75, 0x9772, 0x9772, 0x9772, 0xFFDF, 0x8C51, 0x73CF, 0x94B2, 0x7BEF, 0xF7BE, 0x9772, 0x9772, 0x9772, 0x9772, 0x9772,
 0x9772, 0x9772, 0x9772, 0x9772, 0x9772, 0x9772, 0x9772, 0x9772, 0x9772, 0x9772, 0x9772, 0x9772, 0x9772, 0x9772, 0x9772, 0xDEFB,
 0x7C30, 0xCE9A, 0xB5F7, 0x8C92, 0x9772, 0x9772, 0x9772, 0xEF5D, 0x7C10, 0xDF1B, 0xBDF7, 0x7BCF, 0xFFDF, 0x9772, 0x9772, 0x9772,
 0x9772, 0x9772, 0x9772, 0x9772, 0x9772, 0x9772, 0x9772, 0x9772, 0x9772, 0x9772, 0x9772, 0x9772, 0x9772, 0x9772, 0x9772, 0x9772,
 0x9772, 0xE71C, 0x52AA, 0x9D14, 0x94B2, 0xA514, 0x9772, 0x9772, 0x9772, 0xF79E, 0x8430, 0xA534, 0x6B6D, 0x9D14, 0x9772, 0x9772,
 0x9772, 0x9772, 0x9772, 0x9772, 0x9772, 0x9772, 0x9772, 0x9772, 0x9772, 0x9772, 0x9772, 0x9772, 0x9772, 0x9772, 0x9772, 0x9772,
 0x9772, 0x9772, 0x9772, 0xDEFB, 0x7BCF, 0x94B2, 0x8C92, 0xAD95, 0x9772, 0x9772, 0x9772, 0xEF7D, 0x73CF, 0xA554, 0xA555, 0x94B2,
 0x9772, 0x9772, 0x9772, 0x9772, 0x9772, 0x9772, 0x9772, 0x9772, 0x9772, 0x9772, 0x9772, 0x9772, 0x9772, 0x9772, 0x9772, 0x9772,
 0x9772, 0x9772, 0x9772, 0x9772, 0x9772, 0xD6BA, 0x634D, 0x8C71, 0x73EF, 0xAD75, 0x9772, 0x9772, 0x9772, 0xEF5D, 0x5B0B, 0x6B8D,
 0x8C92, 0x94B2, 0x9772, 0x9772, 0x9772, 0x9772, 0x9772, 0x9772, 0x9772, 0x9772, 0x9772, 0x9772, 0x9772, 0x9772, 0x9772, 0x9772,
 0x9772, 0x9772, 0x9772, 0x9772, 0x9772, 0x9772, 0x9772, 0xB5B6, 0x8430, 0xE77D, 0xC638, 0xA514, 0x9772, 0x9772, 0x9772, 0xE73C,
 0x8450, 0xDEFB, 0xA534, 0x8430, 0x9772, 0x9772, 0x9772, 0x9772, 0x9772, 0x9772, 0x9772, 0x9772, 0x9772, 0x9772, 0x9772, 0x9772,
 0x9772, 0x9772, 0x9772, 0x9772, 0x9772, 0x9772, 0x9772, 0x9772, 0x9772, 0xAD55, 0x8C71, 0xAD96, 0xA554, 0xA514, 0x9772, 0x9772,
 0x9772, 0xE73C, 0x73CE, 0xBDF7, 0x8430, 0x8410, 0xCE59, 0x9772, 0x9772, 0x9772, 0x9772, 0x9772, 0x9772, 0x9772, 0x9772, 0x9772,
 0x9772, 0x9772, 0x9772, 0x9772, 0x9772, 0x9772, 0x9772, 0x9772, 0x9772, 0x9772, 0x9772, 0x94D3, 0x73CE, 0x94F3, 0x8CB2, 0x7BEF,
 0x9772, 0x9772, 0x9772, 0xEF5D, 0x5B0C, 0x6B6D, 0x632C, 0x9CF3, 0xAD55, 0x9772, 0x9772, 0x9772, 0x9772, 0x9772, 0x9772, 0x9772,
 0x9772, 0x9772, 0x9772, 0x9772, 0x9772, 0x9772, 0x9772, 0x9772, 0x9772, 0x9772, 0x9772, 0x9772, 0x9772, 0x8451, 0x8430, 0xBDF7,
 0x94F3, 0x8C92, 0x9772, 0x9772, 0x9772, 0x9772, 0x73AE, 0x7C10, 0x94B2, 0x8451, 0x8C92, 0x9772, 0x9772, 0x9772, 0x9772, 0x9772,
 0x9772, 0x9772, 0x9772, 0x9772, 0x9772, 0x9772, 0x9772, 0x9772, 0x9772, 0x9772, 0x9772, 0x9772, 0x9772, 0x9772, 0x9772, 0x9492,
 0x6B6D, 0x5B0B, 0x634C, 0x8C92, 0x9772, 0x9772, 0x9772, 0xF7BE, 0x6B6D, 0x634C, 0x636D, 0x8C92, 0x94B2, 0x9772, 0x9772, 0x9772,
 0x9772, 0x9772, 0x9772, 0x9772, 0x9772, 0x9772, 0x9772, 0x9772, 0x9772, 0x9772, 0x9772, 0x9772, 0x9772, 0x9772, 0x9772, 0x9772,
 0x9772, 0x8430, 0x7C10, 0xB5F7, 0xBDF7, 0x7C10, 0xD6BA, 0x9772, 0x9772, 0x94D3, 0xC658, 0xBE38, 0xB5F7, 0x9D14, 0x9492, 0x9772,
 0x9772, 0x9772, 0x9772, 0x9772, 0x9772, 0x9772, 0x9772, 0x9772, 0x9772, 0x9772, 0x9772, 0x9772, 0x9772, 0x9772, 0x9772, 0x9772,
 0x9772, 0x9772, 0x9772, 0x7BEF, 0x8C51, 0xCE99, 0xCE9A, 0xB5D7, 0x9CD3, 0x9772, 0xCE79, 0x94D3, 0xD6DB, 0xCEBA, 0xBE18, 0x9CF3,
 0x8430, 0x9772, 0x9772, 0x9772, 0x9772, 0x9772, 0x9772, 0x9772, 0x9772, 0x9772, 0x9772, 0x9772, 0x9772, 0x9772, 0x9772, 0x9772,
 0x9772, 0x9772, 0x9772, 0x9772, 0x9772, 0xAD55, 0x6B6D, 0xCEBA, 0xC659, 0xCE7A, 0x7C10, 0xE73C, 0x8C71, 0xCE79, 0xC659, 0xCEBA,
 0x9D14, 0x8451, 0x94B2, 0x9772, 0x9772, 0x9772, 0x9772, 0x9772, 0x9772, 0x9772, 0x9772, 0x9772, 0x9772, 0x9772, 0x9772, 0x9772,
 0x9772, 0x9772, 0x9772, 0x9772, 0x9772, 0x9772, 0x9772, 0x9772, 0x8C92, 0xDF1B, 0xC659, 0xC659, 0xA534, 0x4249, 0x9CF3, 0xC679,
 0xBE38, 0xCEBA, 0x7BEF, 0xC638, 0xF7BE, 0x9772, 0x9772, 0x9772, 0x9772, 0x9772, 0x9772, 0x9772, 0x9772, 0x9772, 0x9772, 0x9772,
 0x9772, 0x9772, 0x9772, 0x9772, 0x9772, 0x9772, 0x9772, 0x9772, 0x9772, 0x9772, 0x9D14, 0xCE9A, 0xD6BA, 0xC638, 0xA554, 0x8451,
 0xAD96, 0xCEBA, 0xCE79, 0xB5B6, 0x94B2, 0x9772, 0x9772, 0x9772, 0x9772, 0x9772, 0x9772, 0x9772, 0x9772, 0x9772, 0x9772, 0x9772,
 0x9772, 0x9772, 0x9772, 0x9772, 0x9772, 0x9772, 0x9772, 0x9772, 0x9772, 0x9772, 0x9772, 0x9772, 0xA534, 0xC679, 0xF7DF, 0xFFFF,
 0xFFFF, 0xFFFF, 0xFFFF, 0xFFFF, 0xE77D, 0x8C92, 0xDEFB, 0x9772, 0x9772, 0x9772, 0x9772, 0x9772, 0x9772, 0x9772, 0x9772, 0x9772,
 0x9772, 0x9772, 0x9772, 0x9772, 0x9772, 0x9772, 0x9772, 0x9772, 0x9772, 0x9772, 0x9772, 0x9772, 0x9772, 0x9772, 0xCE79, 0xB5D7,
 0xFFFF, 0xFFFF, 0xFFFF, 0xFFFF, 0xFFFF, 0xFFFF, 0xFFFF, 0x73AE, 0xF7BE, 0x9772, 0x9772, 0x9772, 0x9772, 0x9772, 0x9772, 0x9772,
 0x9772, 0x9772, 0x9772, 0x9772, 0x9772, 0x9772, 0x9772, 0x9772, 0x9772, 0x9772, 0x9772, 0x9772, 0x9772, 0x9772, 0x9772, 0x9772,
 0xE73C, 0x9D13, 0xD6DA, 0xCE79, 0xCE9A, 0xD69A, 0xD69A, 0xD6BA, 0xC638, 0x9492, 0x9772, 0x9772, 0x9772, 0x9772, 0x9772, 0x9772,
 0x9772, 0x9772, 0x9772, 0x9772, 0x9772, 0x9772, 0x9772, 0x9772, 0x9772, 0x9772, 0x9772, 0x9772, 0x9772, 0x9772, 0x9772, 0x9772,
 0x9772, 0x9772, 0x9772, 0x73CF, 0x94D3, 0xA555, 0xAD75, 0xAD75, 0xAD75, 0xB5B6, 0x8C71, 0x94B2, 0x9772, 0x9772, 0x9772, 0x9772,
 0x9772, 0x9772, 0x9772, 0x9772, 0x9772, 0x9772, 0x9772, 0x9772, 0x9772, 0x9772, 0x9772, 0x9772, 0x9772, 0x9772, 0x9772, 0x9772,
 0x9772, 0x9772, 0x9772, 0x9772, 0x9772, 0x94B2, 0xFFDF, 0xFFFF, 0xFFFF, 0xFFFF, 0xFFFF, 0xFFFF, 0xB5D7, 0x8C51, 0x9772, 0x9772,
 0x9772, 0x9772, 0x9772, 0x9772, 0x9772, 0x9772, 0x9772, 0x9772, 0x9772, 0x9772, 0x9772, 0x9772, 0x9772, 0x9772, 0x9772, 0x9772,
 0x9772, 0x9772, 0x9772, 0x9772, 0x9772, 0x9772, 0x9772, 0x9D14, 0xFFFF, 0xFFFF, 0xFFFF, 0xFFFF, 0xFFFF, 0xFFFF, 0xC658, 0x8430,
 0x9772, 0x9772, 0x9772, 0x9772, 0x9772, 0x9772, 0x9772, 0x9772, 0x9772, 0x9772, 0x9772, 0x9772, 0x9772, 0x9772, 0x9772, 0x9772,
 0x9772, 0x9772, 0x9772, 0x9772, 0x9772, 0x9772, 0x9772, 0x9772, 0x9772, 0x9D14, 0xFFFF, 0xFFFF, 0xFFFF, 0xFFFF, 0xFFFF, 0xFFFF,
 0xC638, 0x8430, 0x9772, 0x9772, 0x9772, 0x9772, 0x9772, 0x9772, 0x9772, 0x9772, 0x9772, 0x9772, 0x9772, 0x9772, 0x9772, 0x9772,
 0x9772, 0x9772, 0x9772, 0x9772, 0x9772, 0x9772, 0x9772, 0x9772, 0x9772, 0x9772, 0x9772, 0x94D3, 0xFFFF, 0xFFFF, 0xFFFF, 0xFFFF,
 0xFFFF, 0xFFFF, 0xC638, 0x8C91, 0x9772, 0x9772, 0x9772, 0x9772, 0x9772, 0x9772, 0x9772, 0x9772, 0x9772, 0x9772, 0x9772, 0x9772,
 0x9772, 0x9772, 0x9772, 0x9772, 0x9772, 0x9772, 0x9772, 0x9772, 0x9772, 0x9772, 0x9772, 0x9772, 0xAD76, 0xA534, 0xFFFF, 0xFFFF,
 0xFFFF, 0xFFFF, 0xFFFF, 0xFFFF, 0xDEFB, 0x73CF, 0xFFDF, 0x9772, 0x9772, 0x9772, 0x9772, 0x9772, 0x9772, 0x9772, 0x9772, 0x9772,
 0x9772, 0x9772, 0x9772, 0x9772, 0x9772, 0x9772, 0x9772, 0x9772, 0x9772, 0x9772, 0x9772, 0x9772, 0xDEFB, 0x8C71, 0x8C92, 0xF7DF,
 0xFFFF, 0xFFFF, 0xFFFF, 0xFFFF, 0xFFFF, 0xFFFF, 0xFFFF, 0xB5B6, 0x8430, 0x9772, 0x9772, 0x9772, 0x9772, 0x9772, 0xF7BE, 0x9772,
 0x9772, 0x9772, 0x9772, 0x9772, 0x9772, 0x9772, 0x9772, 0x9772, 0x9772, 0x9772, 0x9772, 0x9772, 0x9772, 0x9CF3, 0x73AE, 0xB5B6,
 0xFFFF, 0xFFFF, 0xFFFF, 0xFFFF, 0xFFFF, 0xFFFF, 0xFFFF, 0xFFFF, 0xFFFF, 0xF7BE, 0x6B8E, 0xEF5D, 0x9772, 0x9772, 0x9772, 0x9772,
 0xE71C, 0xFFDF, 0x9772, 0x9772, 0x9772, 0x9772, 0x9772, 0x9772, 0x9772, 0x9772, 0x9772, 0x9772, 0x9772, 0xE71C, 0x634E, 0x73AF,
 0xF7DF, 0xFFFF, 0xFFFF, 0xFFFF, 0xFFFF, 0xFFFF, 0xFFFF, 0xFFFF, 0xFFFF, 0xFFFF, 0xFFFF, 0xFFFF, 0x9D14, 0xCE59, 0x9772, 0x9772,
 0xEF9E, 0xF79E, 0xDEDB, 0xFFDF, 0x9772, 0x9772, 0x9772, 0x9772, 0x9772, 0x9772, 0x9772, 0x9772, 0x9772, 0x9772, 0x9772, 0xA555,
 0x5310, 0x6BB1, 0xFFFF, 0xEF9E, 0xEF7D, 0xFFFF, 0xFFFF, 0xFFFF, 0xFFFF, 0xFFFF, 0xFFFF, 0xFFFF, 0xFFFF, 0xFFFF, 0x9492, 0xD6BA,
 0x9772, 0x9772, 0xD69A, 0xE75D, 0xCE9A, 0xF7BE, 0x9772, 0x9772, 0x9772, 0x9772, 0x9772, 0x9772, 0x9772, 0x9772, 0x9772, 0x9772,
 0x9772, 0x8C93, 0x5352, 0x5B72, 0x8452, 0x73AE, 0x5B0D, 0x7C12, 0xAD96, 0xEF9E, 0xFFFF, 0xFFFF, 0xFFFF, 0xFFFF, 0xCE79, 0xAD75,
 0xA514, 0x9772, 0x9772, 0x9772, 0xB5D6, 0xFFDF, 0xCE9A, 0xF7BE, 0x9772, 0x9772, 0x9772, 0x9772, 0x9772, 0x9772, 0x9772, 0x9772,
 0x9772, 0x9772, 0x9772, 0x5B0D, 0x29CA, 0x5BB4, 0x4AEF, 0x322B, 0x4B12, 0x4B51, 0x426A, 0x632C, 0x8451, 0x9D34, 0x8431, 0x8C51,
 0xCE79, 0xE71C, 0x9772, 0x9772, 0x9772, 0xDEFB, 0xB5B6, 0xFFFF, 0xC679, 0xFFDF, 0x9772, 0x9772, 0x9772, 0x9772, 0x9772, 0x9772,
 0x9772, 0x9772, 0x9772, 0x9772, 0x9772, 0xBE18, 0x3A4B, 0x4ACE, 0x73F1, 0x3A2C, 0x5B72, 0x6BD0, 0x8431, 0x2986, 0x2966, 0x2986,
 0x2166, 0x52AB, 0xF7BE, 0x9772, 0x9772, 0x9772, 0x9772, 0xAD96, 0xE71C, 0xFFFF, 0xBE18, 0xFFDF, 0x9772, 0x9772, 0x9772, 0x9772,
 0x9772, 0x9772, 0x9772, 0x9772, 0x9772, 0x9772, 0x9772, 0xFFDF, 0x6BAF, 0x7C10, 0x94B2, 0x7BF0, 0x9CF4, 0xFFFF, 0x7C10, 0x1082,
 0x0000, 0x0000, 0x0000, 0x4249, 0xBDD7, 0x9772, 0x9772, 0x9772, 0xDEFB, 0xAD75, 0xFFFF, 0xE73C, 0xB5D7, 0x9772, 0x9772, 0x9772,
 0x9772, 0x9772, 0x9772, 0x9772, 0x9772, 0x9772, 0x9772, 0x9772, 0x9772, 0x9772, 0x8C51, 0xC678, 0x8450, 0x9492, 0xCE79, 0xFFFF,
 0x4A69, 0x2903, 0x3103, 0x3923, 0x3924, 0x2945, 0xAD96, 0x9772, 0x9772, 0xF7BE, 0x9D34, 0xE71C, 0xFFFF, 0xB5D7, 0xCE79, 0x9772,
 0x9772, 0x9772, 0x9772, 0x9772, 0x9772, 0x9772, 0x9772, 0x9772, 0x9772, 0x9772, 0x9772, 0x9772, 0xC618, 0x842F, 0x7C0F, 0x320A,
 0x5B2E, 0xF7BE, 0x8C51, 0x3124, 0x4164, 0x4144, 0x4964, 0x20E3, 0xB5D7, 0x9772, 0x9772, 0xB5F8, 0xAD76, 0xFFFF, 0xEF7D, 0xB5B7,
 0xF79E, 0x9772, 0x9772, 0x9772, 0x9772, 0x9772, 0x9772, 0x9772, 0x9772, 0x9772, 0x9772, 0x9772, 0x9772, 0x9772, 0x9772, 0xCE79,
 0x73AF, 0x7D39, 0x7519, 0x8CB4, 0xE73C, 0x3965, 0x51A6, 0x4985, 0x3924, 0x5AEB, 0xE75D, 0x9772, 0xBE18, 0xA597, 0xEF7D, 0xFFFF,
 0xBE18, 0xC659, 0x9772, 0x9772, 0x9772, 0x9772, 0x9772, 0x9772, 0x9772, 0x9772, 0x9772, 0x9772, 0x9772, 0x9772, 0x9772, 0x9772,
 0x9772, 0x9772, 0xDEFB, 0x7CD6, 0x759C, 0x6C95, 0xB5D7, 0xD679, 0x62EB, 0x52AB, 0x6B8E, 0xBE18, 0xF79E, 0xADB7, 0xB619, 0xD6DB,
 0xFFFF, 0xC679, 0xB5D7, 0xF7BE, 0x9772, 0x9772, 0x9772, 0x9772, 0x9772, 0x9772, 0x9772, 0x9772, 0x9772, 0x9772, 0x9772, 0x9772,
 0x9772, 0x9772, 0x9772, 0x9772, 0x9772, 0xA535, 0x8DBB, 0x6D1A, 0x5BB2, 0xCE7A, 0xADF8, 0xADD8, 0xDEFC, 0xEF7D, 0xA576, 0xADF8,
 0xBE39, 0xFFFF, 0xCE9A, 0xCE9A, 0xDEDB, 0x9772, 0x9772, 0x9772, 0x9772, 0x9772, 0x9772, 0x9772, 0x9772, 0x9772, 0x9772, 0x9772,
 0x9772, 0x9772, 0x9772, 0x9772, 0x9772, 0x9772, 0x9772, 0xFFDF, 0x8494, 0x8DFD, 0x6CD8, 0x7454, 0xB5D8, 0xE75D, 0xCE7A, 0xA577,
 0xA597, 0xE75D, 0xFFFF, 0xDF1C, 0xC67A, 0xB5F7, 0x9772, 0x9772, 0x9772, 0x9772, 0x9772, 0x9772, 0x9772, 0x9772, 0x9772, 0x9772,
 0x9772, 0x9772, 0x9772, 0x9772, 0x9772, 0x9772, 0x9772, 0x9772, 0x9772, 0x9772, 0xCE7A, 0x7CD5, 0x85BC, 0x5C56, 0x6BD0, 0xA576,
 0xB619, 0xA597, 0xF79E, 0xFFFF, 0xDEDB, 0xC65A, 0xB5F8, 0xF79E, 0x9772, 0x9772, 0x9772, 0x9772, 0x9772, 0x9772, 0x9772, 0x9772,
 0x9772, 0x9772, 0x9772, 0x9772, 0x9772, 0x9772, 0x9772, 0x9772, 0x9772, 0x9772, 0x9772, 0x9772, 0x9772, 0xAD76, 0x8579, 0x6D3A,
 0x5BF4, 0x7C12, 0xBE18, 0xF7BE, 0xFFFF, 0xCE9A, 0xCEBB, 0xB5F8, 0xEF7D, 0x9772, 0x9772, 0x9772, 0x9772, 0x9772, 0x9772, 0x9772,
 0x9772, 0x9772, 0x9772, 0x9772, 0x9772, 0x9772, 0x9772, 0x9772, 0x9772, 0x9772, 0x9772, 0x9772, 0x9772, 0x9772, 0x9772, 0x9772,
 0x9515, 0x8E1D, 0x751A, 0x63F3, 0xAD96, 0xFFDF, 0xBE39, 0xC67A, 0xBDF7, 0xEF7D, 0x9772, 0x9772, 0x9772, 0x9772, 0x9772, 0x9772,
 0x9772, 0x9772, 0x9772, 0x9772, 0x9772, 0x9772, 0x9772, 0x9772, 0x9772, 0x9772, 0x9772, 0x9772, 0x9772, 0x9772, 0x9772, 0x9772,
 0x9772, 0x9772, 0xE73C, 0x7CB5, 0x961D, 0x64F9, 0x5B90, 0x9D14, 0xC69A, 0xB5D7, 0xEF5D, 0x9772, 0x9772, 0x9772, 0x9772, 0x9772,
 0x9772, 0x9772, 0x9772, 0x9772, 0x9772, 0x9772, 0x9772, 0x9772, 0x9772, 0x9772, 0x9772, 0x9772, 0x9772, 0x9772, 0x9772, 0x9772,
 0x9772, 0x9772, 0x9772, 0x9772, 0x9772, 0xCE79, 0x8D58, 0x85FD, 0x6C96, 0x7C52, 0xCE9A, 0xEF7D, 0x9772, 0x9772, 0x9772, 0x9772,
 0x9772, 0x9772, 0x9772, 0x9772, 0x9772, 0x9772, 0x9772, 0x9772, 0x9772, 0x9772, 0x9772, 0x9772, 0x9772, 0x9772, 0x9772, 0x9772,
 0x9772, 0x9772, 0x9772, 0x9772, 0x9772, 0x9772, 0x9772, 0x9772, 0xAD97, 0x95DA, 0x8518, 0x94F4, 0x9772, 0x9772, 0x9772, 0x9772,
 0x9772, 0x9772, 0x9772, 0x9772, 0x9772, 0x9772, 0x9772, 0x9772, 0x9772, 0x9772, 0x9772, 0x9772, 0x9772, 0x9772, 0x9772, 0x9772,
 0x9772, 0x9772, 0x9772, 0x9772, 0x9772, 0x9772, 0x9772, 0x9772, 0x9772, 0x9772, 0x9772, 0xCE9A, 0xBE18, 0x9772, 0x9772, 0x9772,
 0x9772, 0x9772, 0x9772, 0x9772, 0x9772, 0x9772, 0x9772, 0x9772, 0x9772, 0x9772, 0x9772, 0x9772,
};

const unsigned short left_batsman3[] = {
 0x9772, 0x9772, 0x9772, 0x9772, 0x9772, 0x9772, 0x9772, 0x9772, 0x9772, 0x9772, 0x9772, 0x9772, 0x9772, 0x9772, 0x9772, 0x9772,
 0x9772, 0x9772, 0xDEDB, 0x8C71, 0x9CF3, 0xBE18, 0x9772, 0x9772, 0x9772, 0x9772, 0x9772, 0x9772, 0x9772, 0x9772, 0x9772, 0x9772,
 0x9772, 0x9772, 0x9772, 0x9772, 0x9772, 0x9772, 0x9772, 0x9772, 0x9772, 0x9772, 0x9772, 0x9772, 0x9772, 0x9772, 0x9772, 0x9772,
 0x9772, 0x9772, 0x9772, 0xF7BE, 0x6BAE, 0xCE9A, 0x9CF3, 0x73CF, 0x9772, 0x9772, 0x9772, 0x9772, 0x9772, 0x9772, 0x9772, 0x9772,
 0x9772, 0x9772, 0x9772, 0x9772, 0x9772, 0x9772, 0x9772, 0x9772, 0x9772, 0x9772, 0x9772, 0x9772, 0x9772, 0x9772, 0x9772, 0x9772,
 0x9772, 0xF79E, 0xA514, 0x94B2, 0xCE59, 0xFFDF, 0x73CF, 0x9CF3, 0x94B2, 0x8C71, 0x9772, 0x9772, 0x9772, 0x9772, 0x9772, 0x9772,
 0x9772, 0x9772, 0x9772, 0x9772, 0x9772, 0x9772, 0x9772, 0x9772, 0x9772, 0x9772, 0x9772, 0x9772, 0x9772, 0x9772, 0x9772, 0x9772,
 0x9772, 0x9772, 0x9772, 0xC618, 0x8471, 0xC659, 0x7C0F, 0xE71C, 0x8C71, 0x8C92, 0x8C71, 0x7C10, 0xFFDF, 0x9772, 0x9772, 0x9772,
 0x9772, 0x9772, 0x9772, 0x9772, 0x9772, 0x9772, 0x9772, 0x9772, 0x9772, 0x9772, 0x9772, 0x9772, 0x9772, 0x9772, 0x9772, 0x9772,
 0x9772, 0x9772, 0x9772, 0x9772, 0x9772, 0xAD96, 0x8450, 0xA555, 0x73AE, 0xE71C, 0x7BEF, 0xA555, 0x94B2, 0x73AE, 0xDEDB, 0x9772,
 0x9772, 0x9772, 0x9772, 0x9772, 0x9772, 0x9772, 0x9772, 0x9772, 0x9772, 0x9772, 0x9772, 0x9772, 0x9772, 0x9772, 0x9772, 0x9772,
 0x9772, 0x9772, 0x9772, 0x9772, 0x9772, 0x9772, 0x9772, 0xA534, 0x8C71, 0x9492, 0x5ACB, 0xF79E, 0x94B2, 0xF79E, 0xD69A, 0x73AE,
 0xCE9A, 0x9772, 0x9772, 0x9772, 0x9772, 0x9772, 0x9772, 0x9772, 0x9772, 0x9772, 0x9772, 0x9772, 0x9772, 0x9772, 0x9772, 0x9772,
 0x9772, 0x9772, 0x9772, 0x9772, 0x9772, 0x9772, 0x9772, 0x9772, 0x9772, 0x8C71, 0x8C71, 0xAD75, 0x632C, 0xFFDF, 0x8C51, 0x94D3,
 0x8430, 0x8430, 0xC618, 0x9772, 0x9772, 0x9772, 0x9772, 0x9772, 0x9772, 0x9772, 0x9772, 0x9772, 0x9772, 0x9772, 0x9772, 0x9772,
 0x9772, 0x9772, 0x9772, 0x9772, 0x9772, 0x9772, 0x9772, 0x9772, 0x9772, 0x9772, 0xFFDF, 0x738E, 0x8C91, 0xC679, 0x73CF, 0xFFDF,
 0x9CF3, 0x94B2, 0x9CF3, 0x8C92, 0xBDF7, 0x9772, 0x9772, 0x9772, 0x9772, 0x9772, 0x9772, 0x9772, 0x9772, 0x9772, 0x9772, 0x9772,
 0x9772, 0x9772, 0x9772, 0x9772, 0x9772, 0x9772, 0x9772, 0x9772, 0x9772, 0x9772, 0x9772, 0x9772, 0xDEDB, 0x73CF, 0x632C, 0x7C10,
 0x6B6D, 0xE73C, 0xAD75, 0x73AF, 0x8430, 0x7C10, 0x94D3, 0x9772, 0x9772, 0x9772, 0x9772, 0x9772, 0x9772, 0x9772, 0x9772, 0x9772,
 0x9772, 0x9772, 0x9772, 0x9772, 0x9772, 0x9772, 0x9772, 0x9772, 0x9772, 0x9772, 0x9772, 0x9772, 0x9772, 0x9772, 0xCE79, 0x94D3,
 0x7C30, 0x8451, 0x632C, 0xF79E, 0x8451, 0xBE18, 0xCE9A, 0x8C91, 0x7C10, 0x9772, 0x9772, 0x9772, 0x9772, 0x9772, 0x9772, 0x9772,
 0x9772, 0x9772, 0x9772, 0x9772, 0x9772, 0x9772, 0x9772, 0x9772, 0x9772, 0x9772, 0x9772, 0x9772, 0x9772, 0x9772, 0x9772, 0x9772,
 0xD69A, 0x738E, 0x94B2, 0xAD96, 0x6B6D, 0xDEDB, 0x94B2, 0xF7DF, 0xFFFF, 0x94D3, 0x7BEF, 0x9772, 0x9772, 0x9772, 0x9772, 0x9772,
 0x9772, 0x9772, 0x9772, 0x9772, 0x9772, 0x9772, 0x9772, 0x9772, 0x9772, 0x9772, 0x9772, 0x9772, 0x9772, 0x9772, 0x9772, 0x9772,
 0x9772, 0x9772, 0xCE79, 0x7C10, 0xB5D7, 0xE73C, 0x94D3, 0x94B2, 0xA534, 0xDF3C, 0xEF9E, 0x73CF, 0x8C71, 0x9772, 0x9772, 0x9772,
 0x9772, 0x9772, 0x9772, 0x9772, 0x9772, 0x9772, 0x9772, 0x9772, 0x9772, 0x9772, 0x9772, 0x9772, 0x9772, 0x9772, 0x9772, 0x9772,
 0x9772, 0x9772, 0x9772, 0x9772, 0xEF7D, 0x6B8E, 0xBE18, 0xD6DB, 0xBDF7, 0x8430, 0xBE18, 0xCEBB, 0xDEFB, 0x8430, 0xEF7D, 0x9772,
 0x9772, 0x9772, 0x9772, 0x9772, 0x9772, 0x9772, 0x9772, 0x9772, 0x9772, 0x9772, 0x9772, 0x9772, 0x9772, 0x9772, 0x9772, 0x9772,
 0x9772, 0x9772, 0x9772, 0x9772, 0x9772, 0x9772, 0x9772, 0xA555, 0xCE9A, 0xC679, 0xAD76, 0x52CB, 0xC639, 0xCE7A, 0xDF1C, 0x8C71,
 0x9772, 0x9772, 0x9772, 0x9772, 0x9772, 0x9772, 0x9772, 0x9772, 0x9772, 0x9772, 0x9772, 0x9772, 0x9772, 0x9772, 0x9772, 0x9772,
 0x9772, 0x9772, 0x9772, 0x9772, 0x9772, 0x9772, 0x9772, 0x9772, 0x9772, 0xA555, 0xCE9A, 0xCE79, 0xC659, 0xB5B6, 0xCE79, 0xD6BA,
 0xE73D, 0x8451, 0xFFDF, 0x9772, 0x9772, 0x9772, 0x9772, 0x9772, 0x9772, 0x9772, 0x9772, 0x9772, 0x9772, 0x9772, 0x9772, 0x9772,
 0x9772, 0x9772, 0x9772, 0x9772, 0x9772, 0x9772, 0x9772, 0x9772, 0x9772, 0x9772, 0x9772, 0x9CF4, 0xE73D, 0xFFFF, 0xFFFF, 0xFFFF,
 0xFFFF, 0xFFFF, 0xFFFF, 0x8430, 0x9772, 0x9772, 0x9772, 0x9772, 0x9772, 0x9772, 0x9772, 0x9772, 0x9772, 0x9772, 0x9772, 0x9772,
 0x9772, 0x9772, 0x9772, 0x9772, 0x9772, 0x9772, 0x9772, 0x9772, 0x9772, 0x9772, 0x9772, 0x9772, 0x9772, 0xBDF7, 0xDEDB, 0xFFFF,
 0xFFFF, 0xFFFF, 0xFFFF, 0xFFFF, 0xFFFF, 0x9CF3, 0x9772, 0x9772, 0x9772, 0x9772, 0x9772, 0x9772, 0x9772, 0x9772, 0x9772, 0x9772,
 0x9772, 0x9772, 0x9772, 0x9772, 0x9772, 0x9772, 0x9772, 0xEF9E, 0xF7BE, 0x9772, 0x9772, 0x9772, 0x9772, 0x9772, 0x9772, 0xEF7D,
 0x6B8E, 0xAD75, 0xB596, 0xAD75, 0xAD75, 0xAD55, 0x8C71, 0x8C51, 0x9772, 0x9772, 0x9772, 0x9772, 0x9772, 0x9772, 0x9772, 0x9772,
 0x9772, 0x9772, 0x9772, 0x9772, 0x9772, 0x9772, 0xFFDF, 0xF7BE, 0xFFDF, 0xDEDB, 0xFFDF, 0x9772, 0x9772, 0x9772, 0x9772, 0x9772,
 0x9772, 0xE71C, 0x73CF, 0xDEDB, 0xE73C, 0xE73C, 0xE73C, 0xE73C, 0xC638, 0x94B2, 0x9772, 0x9772, 0x9772, 0x9772, 0x9772, 0x9772,
 0x9772, 0x9772, 0x9772, 0x9772, 0x9772, 0x9772, 0x9772, 0x9772, 0xD6BA, 0xEF5D, 0xE71C, 0xE73C, 0x9772, 0x9772, 0x9772, 0x9772,
 0x9772, 0x9772, 0x9772, 0xDEFB, 0xB5B6, 0xFFFF, 0xFFFF, 0xFFFF, 0xFFFF, 0xFFFF, 0xFFFF, 0xA534, 0x9772, 0x9772, 0x9772, 0x9772,
 0x9772, 0x9772, 0x9772, 0x9772, 0x9772, 0x9772, 0x9772, 0x9772, 0x9772, 0x9772, 0xCE9A, 0xFFDF, 0xC659, 0xFFDF, 0x9772, 0x9772,
 0x9772, 0x9772, 0x9772, 0xEF5D, 0x9772, 0xE73C, 0xAD75, 0xFFFF, 0xFFFF, 0xFFFF, 0xFFFF, 0xFFFF, 0xF7BE, 0xAD75, 0x9772, 0x9772,
 0x9772, 0x9772, 0x9772, 0x9772, 0x9772, 0x9772, 0x9772, 0x9772, 0x9772, 0x9772, 0x9772, 0xEF7D, 0xEF7D, 0xE75D, 0xC638, 0x9772,
 0x9772, 0x9772, 0x9772, 0xEF7D, 0x634F, 0x530E, 0x8C72, 0xE73C, 0xB596, 0xFFFF, 0xFFFF, 0xFFFF, 0xFFFF, 0xFFFF, 0xF7BE, 0x6B6D,
 0xF7BE, 0x9772, 0x9772, 0x9772, 0x9772, 0x9772, 0x9772, 0x9772, 0x9772, 0x9772, 0x9772, 0x9772, 0x9772, 0xCE59, 0xE73C, 0xD6BB,
 0xD69A, 0x9772, 0x9772, 0x9772, 0x9772, 0xD69A, 0x5310, 0x7436, 0x8C93, 0x5B0C, 0xA534, 0xFFFF, 0xFFFF, 0xFFFF, 0xFFFF, 0xFFFF,
 0xF79E, 0x6B8E, 0x9CD3, 0x9772, 0x9772, 0x9772, 0x9772, 0x9772, 0x9772, 0x9772, 0x9772, 0x9772, 0x9772, 0x9772, 0x9772, 0xC618,
 0xE71C, 0xCE9A, 0xD6DB, 0x9772, 0xEF5D, 0x9772, 0x9772, 0xEF5D, 0x424B, 0xC65B, 0xFFFF, 0x8430, 0xA534, 0xFFFF, 0xFFFF, 0xFFFF,
 0xFFFF, 0xFFFF, 0xFFFF, 0xAD96, 0x6B6D, 0xF7BE, 0x9772, 0x9772, 0x9772, 0x9772, 0x9772, 0x9772, 0x9772, 0x9772, 0x9772, 0x9772,
 0x9772, 0xC659, 0xDEFB, 0xBDF8, 0xDEFC, 0x9772, 0xEF9E, 0x9772, 0x9772, 0x9772, 0x94B3, 0x94D3, 0xFFFF, 0xCE9A, 0xBDF7, 0xFFFF,
 0xFFFF, 0xFFFF, 0xFFFF, 0xFFFF, 0xFFFF, 0xBDF7, 0xB5B6, 0xB5B6, 0x9772, 0x9772, 0x9772, 0x9772, 0x9772, 0x9772, 0x9772, 0x9772,
 0x9772, 0x9772, 0xF7BE, 0xB5D7, 0xE73C, 0xBE18, 0xD6BB, 0xF7DE, 0xD6BA, 0x9772, 0x9772, 0x9772, 0xEF7D, 0x4AAA, 0xBDF7, 0xFFFF,
 0xF7BE, 0xFFFF, 0xFFFF, 0xFFFF, 0xFFFF, 0xFFFF, 0xFFFF, 0xFFDF, 0xD6DB, 0xA514, 0x9772, 0x9772, 0x9772, 0x9772, 0x9772, 0x9772,
 0x9772, 0x9772, 0x9772, 0x9772, 0xFFDF, 0xBE18, 0xE73C, 0xB5F8, 0xCE9A, 0xF7BE, 0xADB7, 0xF7BE, 0x9772, 0x9772, 0x9772, 0x634D,
 0x6B6D, 0xD6BA, 0xFFFF, 0xFFFF, 0xFFFF, 0xFFFF, 0xFFFF, 0xFFFF, 0xFFFF, 0xFFFF, 0xA534, 0xF79E, 0x9772, 0x9772, 0x9772, 0x9772,
 0x9772, 0x9772, 0x9772, 0x9772, 0x9772, 0x9772, 0x9772, 0xC639, 0xD6BB, 0xC65A, 0xCE7A, 0xFFDF, 0xADB7, 0xDEFB, 0x9772, 0x9772,
 0xB596, 0x52AA, 0x8450, 0x94B2, 0x9CD3, 0xD69A, 0xF7BE, 0xF7BE, 0xF7BE, 0xEF7E, 0xBDF7, 0x9D13, 0xD69A, 0x9772, 0x9772, 0x9772,
 0x9772, 0x9772, 0x9772, 0x9772, 0x9772, 0x9772, 0x9772, 0x9772, 0x9772, 0xBDF8, 0xCE79, 0xC639, 0xC659, 0xFFDE, 0xADD8, 0xC659,
 0x9772, 0xAD76, 0x5391, 0x42CF, 0x3209, 0x94B2, 0xDEDB, 0xAD76, 0x73AE, 0xAD96, 0xA555, 0x632D, 0x9CF3, 0x9772, 0x9772, 0x9772,
 0x9772, 0x9772, 0x9772, 0x9772, 0x9772, 0x9772, 0x9772, 0x9772, 0x9772, 0x9772, 0x9772, 0xB5D7, 0xBE38, 0xADB7, 0xB5F8, 0xEF7D,
 0xD6DB, 0xE73D, 0x94F5, 0x5BD3, 0x7519, 0x8DBB, 0x7C52, 0xFFFF, 0xFFFF, 0x6B8E, 0x18E4, 0x18E3, 0x18E3, 0x1904, 0x6B6D, 0xFFDF,
 0x9772, 0x9772, 0x9772, 0x9772, 0x9772, 0x9772, 0x9772, 0x9772, 0x9772, 0x9772, 0x9772, 0x9772, 0x9772, 0xBE38, 0xADB7, 0xC659,
 0xB619, 0xDF1C, 0xFFDE, 0x94F4, 0x6434, 0x7539, 0x8D7A, 0x8CD5, 0xEF7D, 0xFFFF, 0xFFFF, 0x6B4E, 0x18A3, 0x1041, 0x1040, 0x1082,
 0x52AA, 0xF79E, 0x9772, 0x9772, 0x9772, 0x9772, 0x9772, 0x9772, 0x9772, 0x9772, 0x9772, 0x9772, 0x9772, 0x9772, 0x9772, 0xCE9A,
 0xB5D7, 0xCE7A, 0xE75D, 0xFFDF, 0x8472, 0x6434, 0x855A, 0x95FB, 0x8CD4, 0xF7BE, 0xFFFF, 0xFFFF, 0xFFFF, 0x4A49, 0x4144, 0x4985,
 0x4985, 0x3924, 0x39A6, 0xFFDF, 0x9772, 0x9772, 0x9772, 0x9772, 0x9772, 0x9772, 0x9772, 0x9772, 0x9772, 0x9772, 0x9772, 0x9772,
 0x9772, 0xEF9E, 0xBE39, 0xE73C, 0xF79E, 0x94F5, 0x6C55, 0x857A, 0x9E1C, 0x84B4, 0xEF7D, 0xFFFF, 0xFFFF, 0xFFFF, 0xFFFF, 0xA4F3,
 0x4964, 0x5985, 0x5185, 0x3944, 0x8C30, 0x9772, 0x9772, 0x9772, 0x9772, 0x9772, 0x9772, 0x9772, 0x9772, 0x9772, 0x9772, 0x9772,
 0x9772, 0x9772, 0x9772, 0x9772, 0xD6DB, 0xF7BE, 0x7C52, 0x7496, 0x8DBB, 0x95DB, 0x84B4, 0xD6DB, 0xE73D, 0xF7BE, 0xFFFF, 0xFFFF,
 0xFFFF, 0xF79E, 0x5AAA, 0x49E6, 0x49C6, 0x5A89, 0xEF7D, 0x9772, 0x9772, 0x9772, 0x9772, 0x9772, 0x9772, 0x9772, 0x9772, 0x9772,
 0x9772, 0x9772, 0x9772, 0x9772, 0x9772, 0x9772, 0xF7BE, 0x8493, 0x7496, 0x8D9B, 0xA61B, 0x84D5, 0xE75D, 0xF7BE, 0xEF7E, 0xDF1C,
 0xF7BE, 0xFFFF, 0xFFFF, 0xFFFF, 0xFFDF, 0xC618, 0xC618, 0xFFDF, 0x9772, 0x9772, 0x9772, 0x9772, 0x9772, 0x9772, 0x9772, 0x9772,
 0x9772, 0x9772, 0x9772, 0x9772, 0x9772, 0x9772, 0x9772, 0x9772, 0xEF7D, 0x5B4F, 0x9DFC, 0xA61C, 0x9515, 0xE75D, 0xEF7E, 0xE75D,
 0xFFFF, 0xFFDF, 0xF79E, 0xEF7D, 0xFFDF, 0xFFDF, 0x9772, 0x9772, 0x9772, 0x9772, 0x9772, 0x9772, 0x9772, 0x9772, 0x9772, 0x9772,
 0x9772, 0x9772, 0x9772, 0x9772, 0x9772, 0x9772, 0x9772, 0x9772, 0x9772, 0x9772, 0x9772, 0xADB7, 0x8D16, 0x9D77, 0xD6BB, 0xF7BE,
 0xF7BE, 0xE73C, 0xD6DB, 0xE75D, 0xFFDF, 0xFFDF, 0xFFFF, 0xF7BE, 0xF79E, 0xF7BE, 0xF7BE, 0x9772, 0x9772, 0x9772, 0x9772, 0x9772,
 0x9772, 0x9772, 0x9772, 0x9772, 0x9772, 0x9772, 0x9772, 0x9772, 0x9772, 0x9772, 0x9772, 0x9772, 0x9772, 0x9772, 0xF7BE, 0xF7BE,
 0xE73C, 0xCE9A, 0xEF7D, 0xFFFF, 0xEF9E, 0xDF1C, 0xE73C, 0xDEFC, 0xE75D, 0xF79E, 0xFFFF, 0xFFDF, 0x9772, 0x9772, 0x9772, 0x9772,
 0x9772, 0x9772, 0x9772, 0x9772, 0x9772, 0x9772, 0x9772, 0x9772, 0x9772, 0x9772, 0x9772, 0x9772, 0x9772, 0x9772, 0x9772, 0x9772,
 0x9772, 0x9772, 0xF7DF, 0xEF7D, 0xD6BA, 0xCE9A, 0xEF7D, 0xFFFF, 0xFFFF, 0xFFFF, 0xFFDF, 0xFFDF, 0xFFDF, 0x9772, 0x9772, 0x9772,
 0x9772, 0x9772, 0x9772, 0x9772, 0x9772, 0x9772, 0x9772, 0x9772, 0x9772, 0x9772, 0x9772, 0x9772, 0x9772, 0x9772, 0x9772, 0x9772,
 0x9772, 0x9772, 0x9772, 0x9772, 0x9772, 0x9772, 0x9772, 0xEF5D, 0xD6BB, 0xDEFC, 0xE75D, 0xF79E, 0xF79E, 0xF7BE, 0xFFDF, 0xFFDF,
 0x9772, 0x9772, 0x9772, 0x9772, 0x9772, 0x9772, 0x9772, 0x9772, 0x9772, 0x9772, 0x9772, 0x9772, 0x9772, 0x9772, 0x9772, 0x9772,
 0x9772, 0x9772, 0x9772, 0x9772, 0x9772, 0x9772, 0x9772, 0x9772, 0x9772, 0x9772, 0x9772, 0xFFDF, 0xF79E, 0xEF9E, 0xF79E, 0xE75D,
 0xE71C, 0xE73C, 0x9772, 0x9772, 0x9772, 0x9772, 0x9772, 0x9772, 0x9772, 0x9772, 0x9772, 0x9772, 0x9772, 0x9772, 0x9772, 0x9772,
 0x9772, 0x9772, 0x9772, 0x9772, 0x9772, 0x9772, 0x9772, 0x9772, 0x9772, 0x9772, 0x9772, 0x9772, 0x9772, 0x9772, 0x9772, 0x9772,
 0x9772, 0x9772, 0x9772, 0x9772, 0x9772, 0x9772, 0x9772, 0x9772, 0x9772, 0x9772, 0x9772, 0x9772, 0x9772, 0x9772, 0x9772, 0x9772,
 0x9772, 0x9772, 0x9772, 0x9772, 0x9772, 0x9772, 0x9772, 0x9772, 0x9772, 0x9772, 0x9772, 0x9772, 0x9772, 0x9772, 0x9772, 0x9772,
 0x9772, 0x9772, 0x9772, 0x9772, 0x9772, 0x9772, 0x9772, 0x9772, 0x9772, 0x9772, 0x9772, 0x9772, 0x9772, 0x9772, 0x9772, 0x9772,
 0x9772, 0x9772, 0x9772, 0x9772, 0x9772, 0x9772, 0x9772, 0x9772, 0x9772, 0x9772, 0x9772, 0x9772, 0x9772, 0x9772, 0x9772, 0x9772,
 0x9772, 0x9772, 0x9772, 0x9772, 0x9772, 0x9772, 0x9772, 0x9772, 0x9772, 0x9772, 0x9772, 0x9772, 0x9772, 0x9772, 0x9772, 0x9772,
 0x9772, 0x9772, 0x9772, 0x9772, 0x9772, 0x9772, 0x9772, 0x9772, 0x9772, 0x9772, 0x9772, 0x9772, 0x9772, 0x9772, 0x9772, 0x9772,
 0x9772, 0x9772, 0x9772, 0x9772, 0x9772, 0x9772, 0x9772, 0x9772, 0x9772, 0x9772, 0x9772, 0x9772, 0x9772, 0x9772, 0x9772, 0x9772,
 0x9772, 0x9772, 0x9772, 0x9772, 0x9772, 0x9772, 0x9772, 0x9772, 0x9772, 0x9772, 0x9772, 0x9772, 0x9772, 0x9772, 0x9772, 0x9772,
 0x9772, 0x9772, 0x9772, 0x9772, 0x9772, 0x9772, 0x9772, 0x9772, 0x9772, 0x9772, 0x9772, 0x9772, 0x9772, 0x9772, 0x9772, 0x9772,
 0x9772, 0x9772, 0x9772, 0x9772, 0x9772, 0x9772, 0x9772, 0x9772, 0x9772, 0x9772, 0x9772, 0x9772,
};

const unsigned short right_batsman1[] = {
 0x9772, 0x9772, 0x9772, 0x9772, 0x9772, 0x9772, 0x9772, 0x9772, 0x9772, 0x9772, 0xC638, 0x9CF3, 0x9CF3, 0xDF1C, 0x9772, 0xFFDF,
 0xA555, 0x9D14, 0x94B2, 0xC638, 0x9772, 0x9772, 0x9772, 0x9772, 0x9772, 0x9772, 0x9772, 0x9772, 0x9772, 0x9772, 0x9772, 0x9772,
 0x9772, 0x9772, 0x9772, 0x9772, 0x9772, 0x9772, 0x9772, 0x9772, 0x9772, 0x9772, 0x9772, 0x9772, 0x73CF, 0xDEFB, 0xCE79, 0xA554,
 0x9772, 0xEF7D, 0x8451, 0xDF1B, 0x8C71, 0xA535, 0x9772, 0x9772, 0x9772, 0x9772, 0x9772, 0x9772, 0x9772, 0x9772, 0x9772, 0x9772,
 0x9772, 0x9772, 0x9772, 0x9772, 0x9772, 0x9772, 0x9772, 0x9772, 0x9772, 0x9772, 0x9772, 0x9772, 0x9772, 0x9772, 0xAD75, 0x94D3,
 0xA555, 0xBDF7, 0x9772, 0x9772, 0x9CF3, 0xADB6, 0x632C, 0xF79E, 0x9772, 0x9772, 0x9772, 0x9772, 0x9772, 0x9772, 0x9772, 0x9772,
 0x9772, 0x9772, 0x9772, 0x9772, 0x9772, 0x9772, 0x9772, 0x9772, 0x9772, 0x9772, 0x9772, 0x9772, 0x9772, 0x9772, 0x9772, 0x9772,
 0xAD75, 0x8C92, 0x8C71, 0xBDD7, 0x9772, 0x9772, 0x8451, 0x8451, 0x7BEF, 0xF79E, 0x9772, 0x9772, 0x9772, 0x9772, 0x9772, 0x9772,
 0x9772, 0x9772, 0x9772, 0x9772, 0x9772, 0x9772, 0x9772, 0x9772, 0x9772, 0x9772, 0x9772, 0x9772, 0x9772, 0x9772, 0x9772, 0x9772,
 0x9772, 0x9772, 0x9CF3, 0xA555, 0xBDD7, 0x94D2, 0x9772, 0xEF7D, 0x9CF3, 0xCE59, 0x8C51, 0xB596, 0x9772, 0x9772, 0x9772, 0x9772,
 0x9772, 0x9772, 0x9772, 0x9772, 0x9772, 0x9772, 0x9772, 0x9772, 0x9772, 0x9772, 0x9772, 0x9772, 0x9772, 0x9772, 0x9772, 0x9772,
 0x9772, 0x9772, 0x9772, 0x9772, 0x8C71, 0xCE9A, 0xFFFF, 0x8C92, 0x9772, 0xE73C, 0xB5B6, 0xFFFF, 0x9CD3, 0xA534, 0x9772, 0x9772,
 0x9772, 0x9772, 0x9772, 0x9772, 0x9772, 0x9772, 0x9772, 0x9772, 0x9772, 0x9772, 0x9772, 0x9772, 0x9772, 0x9772, 0x9772, 0x9772,
 0x9772, 0x9772, 0x9772, 0x9772, 0x9772, 0x9772, 0x7BCF, 0x73AE, 0x8C51, 0x73CF, 0x9772, 0xD6BA, 0x7BEF, 0x9471, 0x8C51, 0xA514,
 0x9772, 0x9772, 0x9772, 0x9772, 0x9772, 0x9772, 0x9772, 0x9772, 0x9772, 0x9772, 0x9772, 0x9772, 0x9772, 0x9772, 0x9772, 0x9772,
 0x9772, 0x9772, 0x9772, 0x9772, 0x9772, 0x9772, 0x9772, 0x9772, 0x8410, 0x8C51, 0x94B2, 0x8430, 0x9772, 0xCE79, 0x7C30, 0x9CF3,
 0x9492, 0xAD55, 0x9772, 0x9772, 0x9772, 0x9772, 0x9772, 0x9772, 0x9772, 0x9772, 0x9772, 0x9772, 0x9772, 0x9772, 0x9772, 0x9772,
 0x9772, 0x9772, 0x9772, 0x9772, 0x9772, 0x9772, 0x9772, 0x9772, 0x9772, 0x9772, 0x7BEF, 0x73CF, 0x8410, 0x8410, 0x9772, 0xD6BA,
 0x6B8E, 0x8451, 0x8C92, 0xB596, 0x9772, 0x9772, 0x9772, 0x9772, 0x9772, 0x9772, 0x9772, 0x9772, 0x9772, 0x9772, 0x9772, 0x9772,
 0x9772, 0x9772, 0x9772, 0x9772, 0x9772, 0x9772, 0x9772, 0x9772, 0x9772, 0x9772, 0x9772, 0x9772, 0x73AE, 0x9D14, 0xBE18, 0x8C51,
 0xEF5D, 0xAD96, 0xBE38, 0xDEFB, 0xA514, 0x9CF3, 0x9772, 0x9772, 0x9772, 0x9772, 0x9772, 0x9772, 0x9772, 0x9772, 0x9772, 0x9772,
 0x9772, 0x9772, 0x9772, 0x9772, 0x9772, 0x9772, 0x9772, 0x9772, 0x9772, 0x9772, 0x9772, 0x9772, 0x9772, 0x9772, 0x73AE, 0xB5D7,
 0xD6FB, 0x9D14, 0xB5B6, 0xA554, 0xCEBA, 0xDEFB, 0x9CD3, 0xA514, 0x9772, 0x9772, 0x9772, 0x9772, 0x9772, 0x9772, 0x9772, 0x9772,
 0x9772, 0x9772, 0x9772, 0x9772, 0x9772, 0x9772, 0x9772, 0x9772, 0x9772, 0x9772, 0x9772, 0x9772, 0x9772, 0x9772, 0x9772, 0x9772,
 0xAD55, 0xADB6, 0xCE9A, 0xBDF7, 0x94B2, 0xB5D7, 0xCE79, 0xD6DB, 0x8C71, 0xFFDF, 0x9772, 0x9772, 0x9772, 0x9772, 0x9772, 0x9772,
 0x9772, 0x9772, 0x9772, 0x9772, 0x9772, 0x9772, 0x9772, 0x9772, 0x9772, 0x9772, 0x9772, 0x9772, 0x9772, 0x9772, 0x9772, 0x9772,
 0x9772, 0x9772, 0xD6BA, 0xAD96, 0xC659, 0xB5F7, 0x5AEB, 0xA554, 0xC659, 0xD6DB, 0x8C71, 0x9772, 0x9772, 0x9772, 0x9772, 0x9772,
 0x9772, 0x9772, 0x9772, 0x9772, 0x9772, 0x9772, 0x9772, 0x9772, 0x9772, 0x9772, 0x9772, 0x9772, 0x9772, 0x9772, 0x9772, 0x9772,
 0x9772, 0x9772, 0x9772, 0x9772, 0xDEFB, 0xB5B6, 0xDEFB, 0xCE9A, 0xBDF7, 0xCE99, 0xDF1C, 0xDEDB, 0xA514, 0x9772, 0x9772, 0x9772,
 0x9772, 0x9772, 0x9772, 0x9772, 0x9772, 0x9772, 0x9772, 0x9772, 0x9772, 0x9772, 0x9772, 0x9772, 0x9772, 0x9772, 0x9772, 0x9772,
 0x9772, 0x9772, 0x9772, 0x9772, 0x9772, 0x9772, 0x9772, 0xC638, 0xFFFF, 0xFFFF, 0xFFFF, 0xFFFF, 0xFFFF, 0xDEDB, 0xB596, 0x9772,
 0x9772, 0x9772, 0x9772, 0x9772, 0x9772, 0x9772, 0x9772, 0x9772, 0x9772, 0x9772, 0x9772, 0x9772, 0x9772, 0x9772, 0x9772, 0x9772,
 0x9772, 0x9772, 0x9772, 0x9772, 0x9772, 0x9772, 0x9772, 0x9772, 0x9772, 0xB5B6, 0xEF5D, 0xE71C, 0xDF1C, 0xDEFB, 0xE71C, 0xB596,
 0xB596, 0xDEFB, 0xDEFB, 0xBDF7, 0xCE79, 0x9772, 0x9772, 0x9772, 0x9772, 0x9772, 0x9772, 0x9772, 0x9772, 0x9772, 0x9772, 0x9772,
 0x9772, 0x9772, 0x9772, 0x9772, 0x9772, 0x9772, 0x9772, 0x9772, 0x9772, 0x9772, 0x9772, 0x94B2, 0xB596, 0xA534, 0xA534, 0xA514,
 0xAD55, 0x634D, 0x6B8E, 0x5AEB, 0x630C, 0xB5D7, 0x7BEF, 0x6B4F, 0x73D2, 0x7C13, 0x8453, 0x7C52, 0x7C32, 0x7C32, 0x8CB3, 0xA556,
 0xAD76, 0xD6BA, 0x9772, 0x9772, 0x9772, 0x9772, 0x9772, 0x9772, 0x9772, 0x9772, 0x9772, 0x9772, 0x9772, 0xAD55, 0xFFFF, 0xFFFF,
 0xFFFF, 0xFFFF, 0xFFFF, 0xA534, 0x9491, 0x5AEC, 0x4AAB, 0xBE17, 0x6B6E, 0x29AD, 0x4234, 0x4294, 0x6C37, 0x8DBC, 0x8DDC, 0x8DBB,
 0x857A, 0x7D39, 0x7D59, 0x530D, 0x9772, 0x9772, 0x9772, 0x9772, 0x9772, 0x9772, 0x9772, 0x9772, 0x9772, 0x9772, 0x9772, 0xB596,
 0xFFFF, 0xFFFF, 0xFFFF, 0xFFFF, 0xFFFF, 0xB5D7, 0x8472, 0x4B10, 0x5331, 0x73AF, 0xA514, 0xAD77, 0x8455, 0x73F3, 0x7454, 0x7494,
 0x7474, 0x7C94, 0x8516, 0x7CD6, 0x7CD8, 0x7C32, 0x9772, 0x9772, 0x9772, 0x9772, 0x9772, 0x9772, 0x9772, 0x9772, 0x9772, 0x9772,
 0x9772, 0xB5B6, 0xFFFF, 0xFFFF, 0xFFFF, 0xFFFF, 0xFFFF, 0x9D14, 0x29A8, 0x6372, 0x6370, 0xE71C, 0x9772, 0x9772, 0xFFDF, 0xE73C,
 0x9D55, 0xDEFB, 0xD6BB, 0xCE7A, 0xD6BA, 0xC638, 0xBE18, 0xFFBF, 0x9772, 0x9772, 0x9772, 0x9772, 0x9772, 0x9772, 0x9772, 0x9772,
 0x9772, 0x9772, 0xF79E, 0x94B2, 0xFFFF, 0xFFFF, 0xFFFF, 0xFFFF, 0xFFFF, 0x9CF3, 0xB5B6, 0xEF7D, 0xA514, 0x9772, 0x9772, 0x9772,
 0x9772, 0x9772, 0xB5D8, 0xEF9E, 0xDF1C, 0xDF1C, 0xFFFF, 0xEF5D, 0xEF9E, 0x9772, 0x9772, 0x9772, 0x9772, 0x9772, 0x9772, 0x9772,
 0x9772, 0x9772, 0x9772, 0x9772, 0x9D14, 0xAD75, 0xFFFF, 0xFFFF, 0xFFFF, 0xFFFF, 0xFFFF, 0xB5B6, 0xEF5D, 0xE73C, 0xB596, 0x9772,
 0x9772, 0x9772, 0x9772, 0xEF7E, 0xBE18, 0xFFDF, 0xDEFC, 0xF79E, 0xFFFF, 0xDF1C, 0xE73C, 0x9772, 0x9772, 0x9772, 0x9772, 0x9772,
 0x9772, 0x9772, 0x9772, 0x9772, 0x9772, 0x9772, 0x94D3, 0xDF1C, 0xFFFF, 0xFFFF, 0xFFFF, 0xFFFF, 0xFFFF, 0xDEFB, 0xFFDF, 0xB596,
 0xD6BA, 0x9772, 0x9772, 0x9772, 0x9772, 0xE75D, 0xC679, 0xFFFF, 0xDEFC, 0xFFDF, 0xFFFF, 0xDEFC, 0xEF7D, 0x9772, 0x9772, 0x9772,
 0x9772, 0x9772, 0x9772, 0x9772, 0x9772, 0x9772, 0x9772, 0x9772, 0xA534, 0xFFFF, 0xFFFF, 0xFFFF, 0xFFFF, 0xFFFF, 0xFFFF, 0xFFFF,
 0xFFFF, 0x9CD3, 0x9772, 0x9772, 0x9772, 0x9772, 0x9772, 0xE73C, 0xEF7D, 0xF7BF, 0xD6BB, 0xFFFF, 0xF7BE, 0xCE9A, 0xF7BE, 0x9772,
 0x9772, 0x9772, 0x9772, 0x9772, 0x9772, 0x9772, 0x9772, 0x9772, 0x9772, 0x9772, 0xD69A, 0xDEFB, 0xFFFF, 0xFFFF, 0xFFFF, 0xFFFF,
 0xFFFF, 0xFFFF, 0xBDD7, 0xD69A, 0x9772, 0x9772, 0x9772, 0x9772, 0x9772, 0xE75D, 0xFFFF, 0xDEFC, 0xE71C, 0xFFFF, 0xE71C, 0xD6BB,
 0x9772, 0x9772, 0x9772, 0x9772, 0x9772, 0x9772, 0x9772, 0x9772, 0x9772, 0x9772, 0x9772, 0x9772, 0x9772, 0xCE79, 0xBDF7, 0xBDB7,
 0xC618, 0xBDF7, 0x94B2, 0xB5D7, 0xE71C, 0x9772, 0x9772, 0x9772, 0x9772, 0x9772, 0xF7BE, 0xF7BE, 0xFFFF, 0xD6BB, 0xFFDF, 0xFFFF,
 0xD6DB, 0xF79E, 0x9772, 0x9772, 0x9772, 0x9772, 0x9772, 0x9772, 0x9772, 0x9772, 0x9772, 0x9772, 0x9772, 0x9772, 0x9772, 0x9772,
 0x9CF3, 0x39C8, 0x39E7, 0x31C7, 0x4229, 0xEF5D, 0x9772, 0x9772, 0x9772, 0x9772, 0x9772, 0x9772, 0xFFDF, 0x9772, 0xEF5D, 0xEF7D,
 0xFFFF, 0xEF7D, 0xE75D, 0x9772, 0x9772, 0x9772, 0x9772, 0x9772, 0x9772, 0x9772, 0x9772, 0x9772, 0x9772, 0x9772, 0x9772, 0x9772,
 0x9772, 0xFFDF, 0x4249, 0x0820, 0x0000, 0x0000, 0x39C7, 0xD6BA, 0x9772, 0x9772, 0x9772, 0x9772, 0x9772, 0x9772, 0x9772, 0x9772,
 0xEF9E, 0x9772, 0xFFDF, 0xE73C, 0x9772, 0x9772, 0x9772, 0x9772, 0x9772, 0x9772, 0x9772, 0x9772, 0x9772, 0x9772, 0x9772, 0x9772,
 0x9772, 0x9772, 0x9772, 0x9772, 0x4A28, 0x4144, 0x5184, 0x4964, 0x3985, 0xC5F7, 0x9772, 0x9772, 0x9772, 0x9772, 0x9772, 0x9772,
 0x9772, 0xFFDF, 0x9772, 0x9772, 0xF79E, 0xFFDF, 0x9772, 0x9772, 0x9772, 0x9772, 0x9772, 0x9772, 0x9772, 0x9772, 0x9772, 0x9772,
 0x9772, 0x9772, 0x9772, 0x9772, 0x9772, 0x9772, 0xA4F3, 0x4985, 0x59E5, 0x59A5, 0x3944, 0xEF5D, 0x9772, 0x9772, 0x9772, 0x9772,
 0x9772, 0x9772, 0x9772, 0x9772, 0x9772, 0x9772, 0x9772, 0x9772, 0x9772, 0x9772, 0x9772, 0x9772, 0x9772, 0x9772, 0x9772, 0x9772,
 0x9772, 0x9772, 0x9772, 0x9772, 0x9772, 0x9772, 0x9772, 0x9772, 0x9772, 0x8C10, 0x5248, 0x5A48, 0xAD34, 0x9772, 0x9772, 0x9772,
 0x9772, 0x9772, 0x9772, 0x9772, 0x9772, 0x9772, 0x9772, 0x9772, 0x9772, 0x9772, 0x9772, 0x9772, 0x9772, 0x9772, 0x9772, 0x9772,
 0x9772, 0x9772, 0x9772, 0x9772, 0x9772, 0x9772, 0x9772, 0x9772, 0x9772, 0x9772, 0x9772, 0x9772, 0xF7BE, 0xFFDF, 0x9772, 0x9772,
 0x9772, 0x9772, 0x9772, 0x9772, 0x9772, 0x9772, 0x9772, 0x9772, 0x9772, 0x9772, 0x9772, 0x9772, 0x9772, 0x9772, 0x9772, 0x9772,
 0x9772, 0x9772, 0x9772, 0x9772, 0x9772, 0x9772, 0x9772, 0x9772, 0x9772, 0x9772, 0x9772, 0x9772, 0x9772, 0x9772, 0x9772, 0x9772,
 0x9772, 0x9772, 0x9772, 0x9772, 0x9772, 0x9772, 0x9772, 0x9772, 0x9772, 0x9772, 0x9772, 0x9772, 0x9772, 0x9772, 0x9772, 0x9772,
 0x9772, 0x9772, 0x9772, 0x9772, 0x9772, 0x9772, 0x9772, 0x9772, 0x9772, 0x9772, 0x9772, 0x9772, 0x9772, 0x9772, 0x9772, 0x9772,
 0x9772, 0x9772, 0x9772, 0x9772, 0x9772, 0x9772, 0x9772, 0x9772, 0x9772, 0x9772, 0x9772, 0x9772, 0x9772, 0x9772, 0x9772, 0x9772,
 0x9772, 0x9772, 0x9772, 0x9772, 0x9772, 0x9772, 0x9772, 0x9772, 0x9772, 0x9772, 0x9772, 0x9772, 0x9772, 0x9772, 0x9772, 0x9772,
 0x9772, 0x9772, 0x9772, 0x9772, 0x9772, 0x9772, 0x9772, 0x9772, 0x9772, 0x9772, 0x9772, 0x9772, 0x9772, 0x9772, 0x9772, 0x9772,
 0x9772, 0x9772, 0x9772, 0x9772, 0x9772, 0x9772, 0x9772, 0x9772, 0x9772, 0x9772, 0x9772, 0x9772, 0x9772, 0x9772, 0x9772, 0x9772,
 0x9772, 0x9772, 0x9772, 0x9772, 0x9772, 0x9772, 0x9772, 0x9772, 0x9772, 0x9772, 0x9772, 0x9772, 0x9772, 0x9772, 0x9772, 0x9772,
 0x9772, 0x9772, 0x9772, 0x9772, 0x9772, 0x9772, 0x9772, 0x9772, 0x9772, 0x9772, 0x9772, 0x9772, 0x9772, 0x9772, 0x9772, 0x9772,
 0x9772, 0x9772, 0x9772, 0x9772, 0x9772, 0x9772, 0x9772, 0x9772, 0x9772, 0x9772, 0x9772, 0x9772, 0x9772, 0x9772, 0x9772, 0x9772,
 0x9772, 0x9772, 0x9772, 0x9772, 0x9772, 0x9772, 0x9772, 0x9772, 0x9772, 0x9772, 0x9772, 0x9772, 0x9772, 0x9772, 0x9772, 0x9772,
 0x9772, 0x9772, 0x9772, 0x9772, 0x9772, 0x9772, 0x9772, 0x9772, 0x9772, 0x9772, 0x9772, 0x9772, 0x9772, 0x9772, 0x9772, 0x9772,
 0x9772, 0x9772, 0x9772, 0x9772, 0x9772, 0x9772, 0x9772, 0x9772, 0x9772, 0x9772, 0x9772, 0x9772, 0x9772, 0x9772, 0x9772, 0x9772,
 0x9772, 0x9772, 0x9772, 0x9772, 0x9772, 0x9772, 0x9772, 0x9772, 0x9772, 0x9772, 0x9772, 0x9772, 0x9772, 0x9772, 0x9772, 0x9772,
 0x9772, 0x9772, 0x9772, 0x9772, 0x9772, 0x9772, 0x9772, 0x9772, 0x9772, 0x9772, 0x9772, 0x9772, 0x9772, 0x9772, 0x9772, 0x9772,
 0x9772, 0x9772, 0x9772, 0x9772, 0x9772, 0x9772, 0x9772, 0x9772, 0x9772, 0x9772, 0x9772, 0x9772, 0x9772, 0x9772, 0x9772, 0x9772,
 0x9772, 0x9772, 0x9772, 0x9772, 0x9772, 0x9772, 0x9772, 0x9772, 0x9772, 0x9772, 0x9772, 0x9772, 0x9772, 0x9772, 0x9772, 0x9772,
 0x9772, 0x9772, 0x9772, 0x9772, 0x9772, 0x9772, 0x9772, 0x9772, 0x9772, 0x9772, 0x9772, 0x9772, 0x9772, 0x9772, 0x9772, 0x9772,
 0x9772, 0x9772, 0x9772, 0x9772, 0x9772, 0x9772, 0x9772, 0x9772, 0x9772, 0x9772, 0x9772, 0x9772, 0x9772, 0x9772, 0x9772, 0x9772,
 0x9772, 0x9772, 0x9772, 0x9772, 0x9772, 0x9772, 0x9772, 0x9772, 0x9772, 0x9772, 0x9772, 0x9772, 0x9772, 0x9772, 0x9772, 0x9772,
 0x9772, 0x9772, 0x9772, 0x9772, 0x9772, 0x9772, 0x9772, 0x9772, 0x9772, 0x9772, 0x9772, 0x9772, 0x9772, 0x9772, 0x9772, 0x9772,
 0x9772, 0x9772, 0x9772, 0x9772, 0x9772, 0x9772, 0x9772, 0x9772, 0x9772, 0x9772, 0x9772, 0x9772, 0x9772, 0x9772, 0x9772, 0x9772,
 0x9772, 0x9772, 0x9772, 0x9772, 0x9772, 0x9772, 0x9772, 0x9772, 0x9772, 0x9772, 0x9772, 0x9772, 0x9772, 0x9772, 0x9772, 0x9772,
 0x9772, 0x9772, 0x9772, 0x9772, 0x9772, 0x9772, 0x9772, 0x9772, 0x9772, 0x9772, 0x9772, 0x9772, 0x9772, 0x9772, 0x9772, 0x9772,
 0x9772, 0x9772, 0x9772, 0x9772, 0x9772, 0x9772, 0x9772, 0x9772, 0x9772, 0x9772, 0x9772, 0x9772, 0x9772, 0x9772, 0x9772, 0x9772,
 0x9772, 0x9772, 0x9772, 0x9772, 0x9772, 0x9772, 0x9772, 0x9772, 0x9772, 0x9772, 0x9772, 0x9772, 0x9772, 0x9772, 0x9772, 0x9772,
 0x9772, 0x9772, 0x9772, 0x9772, 0x9772, 0x9772, 0x9772, 0x9772, 0x9772, 0x9772, 0x9772, 0x9772, 0x9772, 0x9772, 0x9772, 0x9772,
 0x9772, 0x9772, 0x9772, 0x9772, 0x9772, 0x9772, 0x9772, 0x9772, 0x9772, 0x9772, 0x9772, 0x9772, 0x9772, 0x9772, 0x9772, 0x9772,
 0x9772, 0x9772, 0x9772, 0x9772, 0x9772, 0x9772, 0x9772, 0x9772, 0x9772, 0x9772, 0x9772, 0x9772, 0x9772, 0x9772, 0x9772, 0x9772,
 0x9772, 0x9772, 0x9772, 0x9772, 0x9772, 0x9772, 0x9772, 0x9772, 0x9772, 0x9772, 0x9772, 0x9772,
};

const unsigned short right_batsman2[] = {
 0x9772, 0x9772, 0x9772, 0x9772, 0x9772, 0x9772, 0x9772, 0x9772, 0x9772, 0x9772, 0xFFDF, 0xF7BE, 0xF7BE, 0x9772, 0x9772, 0x9772,
 0x9772, 0x9772, 0xDEFB, 0x632C, 0x4228, 0x634D, 0xCE59, 0x9772, 0x9772, 0x9772, 0x9772, 0x9772, 0x9772, 0x9772, 0x9772, 0x9772,
 0x9772, 0x9772, 0x9772, 0x9772, 0x9772, 0x9772, 0x9772, 0x9772, 0x9772, 0x9772, 0x9772, 0xF7BE, 0xA534, 0x8451, 0x8451, 0xB596,
 0xFFDF, 0x9772, 0x9772, 0xF79E, 0x73AE, 0x52AA, 0x94B2, 0xA534, 0xEF5D, 0x9772, 0x9772, 0x9772, 0x9772, 0x9772, 0x9772, 0x9772,
 0x9772, 0x9772, 0x9772, 0x9772, 0x9772, 0x9772, 0x9772, 0x9772, 0x9772, 0x9772, 0x9772, 0x9772, 0x9772, 0xE73C, 0x94B2, 0xE75D,
 0xD6DB, 0x7BCF, 0xEF7D, 0x9772, 0x9772, 0xD69A, 0x5B0B, 0x94F3, 0xAD75, 0x9492, 0xF7BE, 0x9772, 0x9772, 0x9772, 0x9772, 0x9772,
 0x9772, 0x9772, 0x9772, 0x9772, 0x9772, 0x9772, 0x9772, 0x9772, 0x9772, 0x9772, 0x9772, 0x9772, 0x9772, 0x9772, 0x9772, 0xEF5D,
 0x8410, 0xB596, 0xBDD7, 0x73CF, 0xEF7D, 0x9772, 0x9772, 0xCE9A, 0x9CF3, 0xBE17, 0x8451, 0x6B8E, 0xE73C, 0x9772, 0x9772, 0x9772,
 0x9772, 0x9772, 0x9772, 0x9772, 0x9772, 0x9772, 0x9772, 0x9772, 0x9772, 0x9772, 0x9772, 0x9772, 0x9772, 0x9772, 0x9772, 0x9772,
 0x9772, 0xEF5D, 0x7BEF, 0x8C92, 0xA555, 0x73AE, 0xE75D, 0x9772, 0x9772, 0xF7BE, 0x8430, 0x7BEF, 0x7BEF, 0x8C51, 0xD69A, 0x9772,
 0x9772, 0x9772, 0x9772, 0x9772, 0x9772, 0x9772, 0x9772, 0x9772, 0x9772, 0x9772, 0x9772, 0x9772, 0x9772, 0x9772, 0x9772, 0x9772,
 0x9772, 0x9772, 0x9772, 0xEF7D, 0x8451, 0x73CF, 0x7BCF, 0x632C, 0xCE59, 0x9772, 0x9772, 0xEF7D, 0x73AE, 0x7C10, 0x73CF, 0xA555,
 0xB5D7, 0xFFDF, 0x9772, 0x9772, 0x9772, 0x9772, 0x9772, 0x9772, 0x9772, 0x9772, 0x9772, 0x9772, 0x9772, 0x9772, 0x9772, 0x9772,
 0x9772, 0x9772, 0x9772, 0x9772, 0x9772, 0xEF7D, 0x8430, 0x9D14, 0xC659, 0x9CF3, 0xB5B6, 0x9772, 0x9772, 0xEF5D, 0x9CF3, 0xD6BA,
 0xD69A, 0xB596, 0x9492, 0xF7BE, 0x9772, 0x9772, 0x9772, 0x9772, 0x9772, 0x9772, 0x9772, 0x9772, 0x9772, 0x9772, 0x9772, 0x9772,
 0x9772, 0x9772, 0x9772, 0x9772, 0x9772, 0x9772, 0x9772, 0xEF7D, 0x7C10, 0xAD75, 0xE73C, 0xB5B6, 0x9CD3, 0xF7BE, 0x9772, 0xFFDF,
 0xAD95, 0xDEFB, 0xD6DB, 0x8C92, 0x8451, 0xEF9E, 0x9772, 0x9772, 0x9772, 0x9772, 0x9772, 0x9772, 0x9772, 0x9772, 0x9772, 0x9772,
 0x9772, 0x9772, 0x9772, 0x9772, 0x9772, 0x9772, 0x9772, 0x9772, 0x9772, 0xF79E, 0x8430, 0x73CF, 0x8471, 0x7C10, 0x6B6D, 0xEF7D,
 0x9772, 0xFFDF, 0x9D13, 0x8450, 0x94D3, 0x8C71, 0xAD55, 0xD6DB, 0x9772, 0x9772, 0x9772, 0x9772, 0x9772, 0x9772, 0x9772, 0x9772,
 0x9772, 0x9772, 0x9772, 0x9772, 0x9772, 0x9772, 0x9772, 0x9772, 0x9772, 0x9772, 0x9772, 0xF79E, 0x8430, 0x6B8E, 0x7C10, 0x7C30,
 0x73AE, 0xEF9E, 0x9772, 0x9772, 0xCE59, 0x6B8E, 0x8C71, 0x8451, 0xAD55, 0xB5B6, 0xFFDF, 0x9772, 0x9772, 0x9772, 0x9772, 0x9772,
 0x9772, 0x9772, 0x9772, 0x9772, 0x9772, 0x9772, 0x9772, 0x9772, 0x9772, 0x9772, 0x9772, 0x9772, 0x9772, 0xEF7D, 0x7C0F, 0x73AE,
 0x8C91, 0x7C30, 0x8430, 0xFFDF, 0x9772, 0x9772, 0xC618, 0x6B8E, 0x7C10, 0x8430, 0x9492, 0x9CD3, 0xF7BE, 0x9772, 0x9772, 0x9772,
 0x9772, 0x9772, 0x9772, 0x9772, 0x9772, 0x9772, 0x9772, 0x9772, 0x9772, 0x9772, 0x9772, 0x9772, 0x9772, 0x9772, 0x9772, 0xF79E,
 0x8430, 0x7C0F, 0x8C92, 0x8C71, 0x73AE, 0xDEFB, 0x9772, 0xBDF7, 0xAD96, 0xC638, 0xBDF7, 0x94D3, 0x8410, 0x9492, 0xF7BE, 0x9772,
 0x9772, 0x9772, 0x9772, 0x9772, 0x9772, 0x9772, 0x9772, 0x9772, 0x9772, 0x9772, 0x9772, 0x9772, 0x9772, 0x9772, 0x9772, 0x9772,
 0x9772, 0xEF7D, 0x8430, 0xA534, 0xC659, 0xC659, 0x8430, 0xBDF7, 0xD6BA, 0x94B2, 0xD6DB, 0xEF9D, 0xE77D, 0x9D14, 0x7BEF, 0x7BEF,
 0xF7BE, 0x9772, 0x9772, 0x9772, 0x9772, 0x9772, 0x9772, 0x9772, 0x9772, 0x9772, 0x9772, 0x9772, 0x9772, 0x9772, 0x9772, 0x9772,
 0x9772, 0x9772, 0x9772, 0xF79E, 0x9492, 0xC618, 0xD6BA, 0xBE38, 0x7BEF, 0x8C71, 0x94B2, 0xBE17, 0xDEFB, 0xDF3C, 0xD6BA, 0x8450,
 0x7BEF, 0xA534, 0xFFDF, 0x9772, 0x9772, 0x9772, 0x9772, 0x9772, 0x9772, 0x9772, 0x9772, 0x9772, 0x9772, 0x9772, 0x9772, 0x9772,
 0x9772, 0x9772, 0x9772, 0x9772, 0x9772, 0xF7BE, 0x94B2, 0xBDF7, 0xBE18, 0x9D14, 0x7C10, 0x8430, 0xA555, 0xD6DA, 0xDF1C, 0xE75D,
 0xA555, 0x9492, 0xCE79, 0xF79E, 0x9772, 0x9772, 0x9772, 0x9772, 0x9772, 0x9772, 0x9772, 0x9772, 0x9772, 0x9772, 0x9772, 0x9772,
 0x9772, 0x9772, 0x9772, 0x9772, 0x9772, 0x9772, 0x9772, 0xF7BE, 0x8C71, 0xCE79, 0xE73C, 0xE71C, 0xE71C, 0xEF5D, 0xEF9E, 0xEF9E,
 0xF7DF, 0xDF1C, 0x8451, 0xE73C, 0x9772, 0x9772, 0x9772, 0x9772, 0x9772, 0x9772, 0x9772, 0x9772, 0x9772, 0x9772, 0x9772, 0x9772,
 0x9772, 0x9772, 0x9772, 0x9772, 0x9772, 0x9772, 0x9772, 0x9772, 0x9772, 0xF7BE, 0xA555, 0xF7BE, 0xFFFF, 0xFFFF, 0xFFFF, 0xFFFF,
 0xFFFF, 0xFFFF, 0xFFFF, 0xBDF7, 0xAD75, 0x9772, 0x9772, 0x9772, 0x9772, 0x9772, 0x9772, 0x9772, 0x9772, 0x9772, 0x9772, 0x9772,
 0x9772, 0x9772, 0x9772, 0x9772, 0x9772, 0x9772, 0x9772, 0x9772, 0x9772, 0x9772, 0x9772, 0xF7BE, 0xAD75, 0xEF9E, 0xEF9E, 0xEF5D,
 0xEF7D, 0xEF5D, 0xEF5D, 0xF79E, 0xF7BE, 0x9CD3, 0xDEFB, 0x9772, 0x9772, 0x9772, 0x9772, 0x9772, 0x9772, 0x9772, 0x9772, 0x9772,
 0x9772, 0x9772, 0x9772, 0x9772, 0x9772, 0x9772, 0x9772, 0x9772, 0x9772, 0x9772, 0x9772, 0x9772, 0x9772, 0xFFDF, 0xA534, 0x8450,
 0x94D3, 0x94D2, 0x94B2, 0x94D3, 0x9CF3, 0x94B2, 0x94B2, 0x8430, 0xF79E, 0x9772, 0x9772, 0x9772, 0x9772, 0x9772, 0x9772, 0x9772,
 0x9772, 0x9772, 0x9772, 0x9772, 0x9772, 0x9772, 0x9772, 0x9772, 0x9772, 0x9772, 0x9772, 0x9772, 0x9772, 0x9772, 0x9772, 0xFFDF,
 0xAD55, 0x94D3, 0xC659, 0xDEFB, 0xD6DB, 0xDEFB, 0xDEFB, 0xCE9A, 0xAD55, 0x8C51, 0xF7BE, 0x9772, 0x9772, 0x9772, 0x9772, 0x9772,
 0x9772, 0x9772, 0x9772, 0x9772, 0x9772, 0x9772, 0x9772, 0x9772, 0x9772, 0x9772, 0x9772, 0x9772, 0x9772, 0x9772, 0x9772, 0x9772,
 0x9772, 0xFFDF, 0xAD75, 0xD6BA, 0xFFFF, 0xFFFF, 0xFFFF, 0xFFFF, 0xFFFF, 0xFFFF, 0xDEFB, 0x9CF3, 0xF7BE, 0x9772, 0x9772, 0x9772,
 0x9772, 0x9772, 0x9772, 0x9772, 0x9772, 0x9772, 0x9772, 0x9772, 0x9772, 0x9772, 0x9772, 0x9772, 0x9772, 0x9772, 0x9772, 0x9772,
 0x9772, 0x9772, 0x9772, 0xFFDF, 0xAD75, 0xD6DB, 0xFFFF, 0xFFFF, 0xFFFF, 0xFFFF, 0xFFFF, 0xFFFF, 0xE75D, 0xA534, 0xF7BE, 0x9772,
 0x9772, 0x9772, 0x9772, 0x9772, 0x9772, 0x9772, 0x9772, 0x9772, 0x9772, 0x9772, 0x9772, 0x9772, 0x9772, 0x9772, 0x9772, 0x9772,
 0x9772, 0x9772, 0x9772, 0x9772, 0x9772, 0xFFDF, 0xAD96, 0xD6BB, 0xFFFF, 0xFFFF, 0xFFFF, 0xFFFF, 0xFFFF, 0xFFFF, 0xE75D, 0x9CF3,
 0xF7BE, 0x9772, 0x9772, 0x9772, 0x9772, 0x9772, 0x9772, 0x9772, 0x9772, 0x9772, 0x9772, 0x9772, 0x9772, 0x9772, 0x9772, 0x9772,
 0x9772, 0x9772, 0x9772, 0x9772, 0x9772, 0x9772, 0x9772, 0xFFDF, 0xAD75, 0xD6BA, 0xFFFF, 0xFFFF, 0xFFFF, 0xFFFF, 0xFFFF, 0xFFFF,
 0xEF7D, 0x8C91, 0xEF7D, 0x9772, 0x9772, 0x9772, 0x9772, 0x9772, 0x9772, 0x9772, 0x9772, 0x9772, 0x9772, 0x9772, 0x9772, 0x9772,
 0x9772, 0x9772, 0x9772, 0x9772, 0x9772, 0x9772, 0x9772, 0x9772, 0x9772, 0x9772, 0xAD75, 0xDEFB, 0xFFFF, 0xFFFF, 0xFFFF, 0xFFFF,
 0xFFFF, 0xFFFF, 0xF7DF, 0x9CD3, 0xBDD7, 0x9772, 0x9772, 0x9772, 0x9772, 0x9772, 0x9772, 0x9772, 0x9772, 0x9772, 0x9772, 0x9772,
 0x9772, 0x9772, 0x9772, 0x9772, 0x9772, 0x9772, 0x9772, 0x9772, 0x9772, 0xF79E, 0xE73C, 0xD69A, 0x9CF3, 0xE75D, 0xFFFF, 0xFFFF,
 0xFFFF, 0xFFFF, 0xFFFF, 0xFFFF, 0xFFFF, 0xD69A, 0x8C71, 0xF7BE, 0x9772, 0x9772, 0x9772, 0x9772, 0x9772, 0x9772, 0x9772, 0x9772,
 0x9772, 0x9772, 0x9772, 0x9772, 0x9772, 0x9772, 0x9772, 0x9772, 0x9772, 0xFFDF, 0xCE59, 0xA514, 0x8C51, 0x8451, 0xAD75, 0xE75D,
 0xFFFF, 0xFFFF, 0xFFFF, 0xFFFF, 0xFFFF, 0xFFFF, 0xFFFF, 0xF7BE, 0x8430, 0xEF5D, 0x9772, 0x9772, 0x9772, 0x9772, 0x9772, 0x9772,
 0x9772, 0x9772, 0x9772, 0x9772, 0x9772, 0x9772, 0x9772, 0x9772, 0x9772, 0x9772, 0x9772, 0xAD97, 0x5AED, 0xBDF7, 0xEF5C, 0xEF7D,
 0xF7BE, 0xF7DE, 0xFFFF, 0xFFFF, 0xFFFF, 0xFFFF, 0xFFFF, 0xFFFF, 0xFFFF, 0xFFDF, 0x94B2, 0xCE79, 0x9772, 0x9772, 0x9772, 0x9772,
 0x9772, 0x9772, 0x9772, 0x9772, 0x9772, 0x9772, 0x9772, 0x9772, 0x9772, 0x9772, 0x9772, 0x9772, 0xFFDF, 0x6BB1, 0x6B91, 0xD6DB,
 0xFFFF, 0xFFFF, 0xFFFF, 0xFFFF, 0xFFFF, 0xFFFF, 0xFFFF, 0xFFFF, 0xFFFF, 0xFFFF, 0xFFFF, 0xFFFF, 0xA534, 0xDEDB, 0x9772, 0x9772,
 0x9772, 0x9772, 0x9772, 0x9772, 0x9772, 0x9772, 0x9772, 0x9772, 0x9772, 0x9772, 0x9772, 0x9772, 0x9772, 0x9772, 0x9772, 0x94F5,
 0x5B52, 0x6BB2, 0xA535, 0xCE9A, 0xCE79, 0xD69A, 0xEF7D, 0xFFFF, 0xFFDF, 0xFFDF, 0xFFDF, 0xFFDF, 0xE75C, 0xD69A, 0xB5B6, 0xFFDF,
 0x9772, 0x9772, 0x9772, 0x9772, 0x9772, 0x9772, 0x9772, 0x9772, 0x9772, 0x9772, 0x9772, 0x9772, 0x9772, 0x9772, 0x9772, 0x9772,
 0x9772, 0xE73C, 0x6BB1, 0x42B0, 0x31EC, 0x52CC, 0x52EC, 0x4A8C, 0x73D0, 0x9CF3, 0xBDF7, 0xC617, 0xB5B6, 0x94B2, 0xB596, 0xCE79,
 0xFFDF, 0x9772, 0x9772, 0x9772, 0x9772, 0x9772, 0x9772, 0x9772, 0x9772, 0x9772, 0x9772, 0x9772, 0x9772, 0x9772, 0x9772, 0x9772,
 0x9772, 0x9772, 0x9772, 0xFFDF, 0x8431, 0x5331, 0x4B12, 0x320B, 0x320A, 0x428F, 0x29CB, 0x29A7, 0x4228, 0x4A8A, 0x3A08, 0x29A7,
 0x9CF4, 0x9772, 0x9772, 0x9772, 0x9772, 0x9772, 0x9772, 0x9772, 0x9772, 0x9772, 0x9772, 0x9772, 0x9772, 0x9772, 0x9772, 0x9772,
 0x9772, 0x9772, 0x9772, 0x9772, 0x9772, 0xFFDF, 0x9D14, 0x7C52, 0x5B50, 0x5B2E, 0x3A0A, 0x3A4D, 0x4A8C, 0x2945, 0x0000, 0x0000,
 0x0000, 0x31C7, 0x636D, 0xE71C, 0x9772, 0x9772, 0x9772, 0x9772, 0x9772, 0x9772, 0x9772, 0x9772, 0x9772, 0x9772, 0x9772, 0x9772,
 0x9772, 0x9772, 0x9772, 0x9772, 0x9772, 0x9772, 0x9772, 0x9772, 0xDEFB, 0x9CF3, 0x7BEF, 0xA534, 0x94B2, 0x634D, 0x4228, 0x20E3,
 0x20A2, 0x28C2, 0x20A2, 0x2103, 0x4A49, 0xDEDB, 0x9772, 0x9772, 0x9772, 0x9772, 0x9772, 0x9772, 0x9772, 0x9772, 0x9772, 0x9772,
 0x9772, 0x9772, 0x9772, 0x9772, 0x9772, 0x9772, 0x9772, 0x9772, 0x9772, 0x9772, 0x9772, 0xCE59, 0x8451, 0xCE9A, 0x94D2, 0x73AF,
 0x2944, 0x3923, 0x4164, 0x4964, 0x4144, 0x28E2, 0x39A6, 0xE73C, 0x9772, 0x9772, 0x9772, 0x9772, 0x9772, 0x9772, 0x9772, 0x9772,
 0x9772, 0x9772, 0x9772, 0x9772, 0x9772, 0x9772, 0x9772, 0x9772, 0x9772, 0x9772, 0x9772, 0x9772, 0x9772, 0x9772, 0xAD76, 0xBE38,
 0x632D, 0x18E9, 0x18A6, 0x3924, 0x4143, 0x4144, 0x3944, 0x2903, 0x8410, 0xFFDF, 0x9772, 0x9772, 0x9772, 0x9772, 0x9772, 0x9772,
 0x9772, 0x9772, 0x9772, 0x9772, 0x9772, 0x9772, 0x9772, 0x9772, 0x9772, 0x9772, 0x9772, 0x9772, 0x9772, 0x9772, 0x9772, 0x9772,
 0xF79E, 0xCE38, 0x73D0, 0x4AF2, 0x216D, 0x2908, 0x3985, 0x3985, 0x41C7, 0x736D, 0xE73C, 0x9772, 0x9772, 0x9772, 0x9772, 0x9772,
 0x9772, 0x9772, 0x9772, 0x9772, 0x9772, 0x9772, 0x9772, 0x9772, 0x9772, 0x9772, 0x9772, 0x9772, 0x9772, 0x9772, 0x9772, 0x9772,
 0x9772, 0x9772, 0x9772, 0x9772, 0xD69A, 0x9D79, 0x6C38, 0x216E, 0x298A, 0x6B4E, 0xCE38, 0xEF5D, 0x9772, 0x9772, 0x9772, 0x9772,
 0x9772, 0x9772, 0x9772, 0x9772, 0x9772, 0x9772, 0x9772, 0x9772, 0x9772, 0x9772, 0x9772, 0x9772, 0x9772, 0x9772, 0x9772, 0x9772,
 0x9772, 0x9772, 0x9772, 0x9772, 0x9772, 0x9772, 0x9772, 0xE73D, 0xA5BA, 0x7479, 0x3A70, 0x63B1, 0xC659, 0x9772, 0x9772, 0x9772,
 0x9772, 0x9772, 0x9772, 0x9772, 0x9772, 0x9772, 0x9772, 0x9772, 0x9772, 0x9772, 0x9772, 0x9772, 0x9772, 0x9772, 0x9772, 0x9772,
 0x9772, 0x9772, 0x9772, 0x9772, 0x9772, 0x9772, 0x9772, 0x9772, 0x9772, 0x9772, 0xDF1C, 0xA5FA, 0x8D7B, 0x74B7, 0x7454, 0xA555,
 0xFFBE, 0x9772, 0x9772, 0x9772, 0x9772, 0x9772, 0x9772, 0x9772, 0x9772, 0x9772, 0x9772, 0x9772, 0x9772, 0x9772, 0x9772, 0x9772,
 0x9772, 0x9772, 0x9772, 0x9772, 0x9772, 0x9772, 0x9772, 0x9772, 0x9772, 0x9772, 0x9772, 0x9772, 0x9772, 0xE73D, 0xADFA, 0x963D,
 0x7D5A, 0x6C33, 0x9D14, 0xF7BE, 0x9772, 0x9772, 0x9772, 0x9772, 0x9772, 0x9772, 0x9772, 0x9772, 0x9772, 0x9772, 0x9772, 0x9772,
 0x9772, 0x9772, 0x9772, 0x9772, 0x9772, 0x9772, 0x9772, 0x9772, 0x9772, 0x9772, 0x9772, 0x9772, 0x9772, 0x9772, 0x9772, 0x9772,
 0xD6DB, 0x9DB9, 0x963D, 0x7D5A, 0x63F3, 0x94B3, 0xF79E, 0x9772, 0x9772, 0x9772, 0x9772, 0x9772, 0x9772, 0x9772, 0x9772, 0x9772,
 0x9772, 0x9772, 0x9772, 0x9772, 0x9772, 0x9772, 0x9772, 0x9772, 0x9772, 0x9772, 0x9772, 0x9772, 0x9772, 0x9772, 0x9772, 0x9772,
 0x9772, 0x9772, 0x9772, 0xD69A, 0x9578, 0x961D, 0x7D5A, 0x6C14, 0x94F4, 0xF7BE, 0x9772, 0x9772, 0x9772, 0x9772, 0x9772, 0x9772,
 0x9772, 0x9772, 0x9772, 0x9772, 0x9772, 0x9772, 0x9772, 0x9772, 0x9772, 0x9772, 0x9772, 0x9772, 0x9772, 0x9772, 0x9772, 0x9772,
 0x9772, 0x9772, 0x9772, 0x9772, 0x9772, 0x9772, 0xD6BB, 0x9599, 0x965E, 0x7D9B, 0x6C54, 0x8C73, 0xF79E, 0x9772, 0x9772, 0x9772,
 0x9772, 0x9772, 0x9772, 0x9772, 0x9772, 0x9772, 0x9772, 0x9772, 0x9772, 0x9772, 0x9772, 0x9772, 0x9772, 0x9772, 0x9772, 0x9772,
 0x9772, 0x9772, 0x9772, 0x9772, 0x9772, 0x9772, 0x9772, 0x9772, 0x9772, 0xD6BB, 0x95B9, 0x9E7E, 0x95DB, 0x63B0, 0xDEFB, 0x9772,
 0x9772, 0x9772, 0x9772, 0x9772, 0x9772, 0x9772, 0x9772, 0x9772, 0x9772, 0x9772, 0x9772, 0x9772, 0x9772, 0x9772, 0x9772, 0x9772,
 0x9772, 0x9772, 0x9772, 0x9772, 0x9772, 0x9772, 0x9772, 0x9772, 0x9772, 0x9772, 0x9772, 0x9772, 0xD6BB, 0x8CB4, 0x7412, 0xBE18,
 0xFFDF, 0x9772, 0x9772, 0x9772, 0x9772, 0x9772, 0x9772, 0x9772, 0x9772, 0x9772, 0x9772, 0x9772,
};

const unsigned short right_batsman3[] = {
 0x9772, 0x9772, 0x9772, 0x9772, 0x9772, 0x9772, 0x9772, 0x9772, 0xFFDF, 0x8C71, 0x4249, 0x5B0C, 0xDEDB, 0x9772, 0x9772, 0x9772,
 0x9772, 0x9772, 0x9772, 0x9772, 0x9772, 0xC618, 0x7C10, 0x7C10, 0x8430, 0x7C10, 0x9772, 0x9772, 0x9772, 0x9772, 0x9772, 0x9772,
 0x9772, 0x9772, 0x9772, 0x9772, 0x9772, 0x9772, 0x9772, 0x9772, 0x9772, 0x9772, 0xD69A, 0x39E7, 0x73CE, 0x73CF, 0xAD75, 0x9772,
 0x9772, 0x9772, 0x9772, 0x9772, 0x9772, 0x9772, 0x9772, 0x9CD3, 0xFFFF, 0xE73C, 0xAD75, 0xB5B6, 0x9772, 0x9772, 0x9772, 0x9772,
 0x9772, 0x9772, 0x9772, 0x9772, 0x9772, 0x9772, 0x9772, 0x9772, 0x9772, 0x9772, 0x9772, 0x9772, 0xCE59, 0x634D, 0xA555, 0x73CF,
 0x8430, 0x9772, 0x9772, 0x9772, 0x9772, 0x9772, 0x9772, 0x9772, 0x9772, 0xBDD7, 0xB5D7, 0x8C51, 0x738E, 0x9772, 0x9772, 0x9772,
 0x9772, 0x9772, 0x9772, 0x9772, 0x9772, 0x9772, 0x9772, 0x9772, 0x9772, 0x9772, 0x9772, 0x9772, 0x9772, 0x9772, 0xEF7D, 0x94D2,
 0xAD96, 0x5B0C, 0x73CE, 0xC638, 0x9772, 0x9772, 0x9772, 0x9772, 0x9772, 0x9772, 0x9772, 0xB5B6, 0x8C71, 0x94B2, 0x8C92, 0xF7BE,
 0x9772, 0x9772, 0x9772, 0x9772, 0x9772, 0x9772, 0x9772, 0x9772, 0x9772, 0x9772, 0x9772, 0x9772, 0x9772, 0x9772, 0x9772, 0x9772,
 0x9772, 0x9492, 0x7C10, 0x6B8E, 0x5B0C, 0x6B6D, 0xFFDF, 0x9772, 0x9772, 0x9772, 0x9772, 0x9772, 0x9772, 0x8C71, 0x6B4D, 0x73AE,
 0x8C71, 0xE71C, 0x9772, 0x9772, 0x9772, 0x9772, 0x9772, 0x9772, 0x9772, 0x9772, 0x9772, 0x9772, 0x9772, 0x9772, 0x9772, 0x9772,
 0x9772, 0x9772, 0x9772, 0xDEDB, 0x6B6D, 0x9CF3, 0x9CF3, 0x8410, 0xAD75, 0x9772, 0x9772, 0x9772, 0x9772, 0x9772, 0x9772, 0xB596,
 0xE75D, 0xA534, 0x8C92, 0xCE79, 0x9772, 0x9772, 0x9772, 0x9772, 0x9772, 0x9772, 0x9772, 0x9772, 0x9772, 0x9772, 0x9772, 0x9772,
 0x9772, 0x9772, 0x9772, 0x9772, 0x9772, 0x9772, 0x94B2, 0xEF9E, 0xD6BA, 0x8430, 0x6B8E, 0xEF7D, 0x9772, 0x9772, 0x9772, 0x9772,
 0x9772, 0xAD75, 0xEF9E, 0xAD55, 0x8451, 0xCE79, 0x9772, 0x9772, 0x9772, 0x9772, 0x9772, 0x9772, 0x9772, 0x9772, 0x9772, 0x9772,
 0x9772, 0x9772, 0x9772, 0x9772, 0x9772, 0x9772, 0x9772, 0x9772, 0xCE79, 0x94D3, 0x9CF3, 0x6B6D, 0x8430, 0x9CF3, 0x9772, 0x9772,
 0x9772, 0x9772, 0xF7BE, 0x5AEB, 0x8C71, 0x5B0C, 0x7BEF, 0xB5B6, 0x9772, 0x9772, 0x9772, 0x9772, 0x9772, 0x9772, 0x9772, 0x9772,
 0x9772, 0x9772, 0x9772, 0x9772, 0x9772, 0x9772, 0x9772, 0x9772, 0x9772, 0x9772, 0x9772, 0x6B8E, 0xAD55, 0x9CD3, 0x7C10, 0x738E,
 0xD6BA, 0x9772, 0x9772, 0x9772, 0x9772, 0xAD55, 0x94D3, 0x94B2, 0x9492, 0xB5B6, 0x9772, 0x9772, 0x9772, 0x9772, 0x9772, 0x9772,
 0x9772, 0x9772, 0x9772, 0x9772, 0x9772, 0x9772, 0x9772, 0x9772, 0x9772, 0x9772, 0x9772, 0x9772, 0x9772, 0xCE79, 0xAD55, 0x8C71,
 0x6B8E, 0x6B8E, 0x8430, 0x9772, 0x9772, 0x9772, 0x9772, 0xBDF7, 0x73AE, 0x8430, 0x7C10, 0x7C10, 0x9772, 0x9772, 0x9772, 0x9772,
 0x9772, 0x9772, 0x9772, 0x9772, 0x9772, 0x9772, 0x9772, 0x9772, 0x9772, 0x9772, 0x9772, 0x9772, 0x9772, 0x9772, 0x9772, 0xEF7D,
 0x52AA, 0x7C10, 0xAD95, 0xA534, 0x6B6D, 0xFFDF, 0x9772, 0x9772, 0xD6BA, 0x94B2, 0x8C92, 0x8430, 0x7C10, 0x6B8E, 0x9772, 0x9772,
 0x9772, 0x9772, 0x9772, 0x9772, 0x9772, 0x9772, 0x9772, 0x9772, 0x9772, 0x9772, 0x9772, 0x9772, 0x9772, 0x9772, 0x9772, 0x9772,
 0x9772, 0xE73C, 0x8C71, 0xDEFB, 0xD6DB, 0xC679, 0x6B4D, 0x9772, 0x9772, 0xDEFB, 0x94D3, 0xE75D, 0xFFFF, 0xF79E, 0x8C71, 0x6B8D,
 0x9772, 0x9772, 0x9772, 0x9772, 0x9772, 0x9772, 0x9772, 0x9772, 0x9772, 0x9772, 0x9772, 0x9772, 0x9772, 0x9772, 0x9772, 0x9772,
 0x9772, 0x9772, 0x9772, 0xEF7D, 0x9CF3, 0xDEFB, 0xCE9A, 0xD6DB, 0x7C0F, 0xF79E, 0xE71C, 0x94B2, 0xD6DB, 0xFFFF, 0xFFFF, 0xC638,
 0x7C10, 0x73AE, 0x9772, 0x9772, 0x9772, 0x9772, 0x9772, 0x9772, 0x9772, 0x9772, 0x9772, 0x9772, 0x9772, 0x9772, 0x9772, 0x9772,
 0x9772, 0x9772, 0x9772, 0x9772, 0x9772, 0x9772, 0x94D3, 0xD6BA, 0xC679, 0xAD96, 0x73CE, 0x632C, 0x9CF3, 0xD6FB, 0xF7BE, 0xFFFF,
 0xFFFF, 0x738E, 0x7C10, 0x9D14, 0x9772, 0x9772, 0x9772, 0x9772, 0x9772, 0x9772, 0x9772, 0x9772, 0x9772, 0x9772, 0x9772, 0x9772,
 0x9772, 0x9772, 0x9772, 0x9772, 0x9772, 0x9772, 0x9772, 0x9772, 0x8C92, 0xCE79, 0xA555, 0x9CF3, 0xB5D7, 0xBDF7, 0xE73C, 0xF7BE,
 0xFFFF, 0xFFFF, 0xD69A, 0x8C71, 0xD69A, 0x9772, 0x9772, 0x9772, 0x9772, 0x9772, 0x9772, 0x9772, 0x9772, 0x9772, 0x9772, 0x9772,
 0x9772, 0x9772, 0x9772, 0x9772, 0x9772, 0x9772, 0x9772, 0x9772, 0x9772, 0x9772, 0x9492, 0xF7BE, 0xF79E, 0xFFFF, 0xFFFF, 0xFFFF,
 0xFFFF, 0xFFFF, 0xFFFF, 0xFFFF, 0x7C10, 0xF79E, 0x9772, 0x9772, 0x9772, 0x9772, 0x9772, 0x9772, 0x9772, 0x9772, 0x9772, 0x9772,
 0x9772, 0x9772, 0x9772, 0x9772, 0x9772, 0x9772, 0x9772, 0x9772, 0x9772, 0x9772, 0x9772, 0x9772, 0x9D14, 0xFFFF, 0xFFFF, 0xFFFF,
 0xFFFF, 0xFFFF, 0xFFFF, 0xFFFF, 0xFFFF, 0xD6BA, 0xA555, 0x9772, 0x9772, 0x9772, 0x9772, 0x9772, 0x9772, 0x9772, 0x9772, 0x9772,
 0x9772, 0x9772, 0x9772, 0x9772, 0x9772, 0x9772, 0x9772, 0x9772, 0x9772, 0x9772, 0x9772, 0x9772, 0x9772, 0x9772, 0x9CF3, 0xEF7D,
 0xD6BA, 0xB5B6, 0xB5D7, 0xB5D6, 0xB5B6, 0xBDF7, 0xDEFB, 0x8430, 0xDEDB, 0x9772, 0x9772, 0x9772, 0x9772, 0x9772, 0x9772, 0x9772,
 0x9772, 0x9772, 0x9772, 0x9772, 0x9772, 0x9772, 0x9772, 0x9772, 0x9772, 0x9772, 0x9772, 0x9772, 0x9772, 0x9772, 0x9772, 0x9772,
 0xAD75, 0x7BCF, 0x7C10, 0x9CD3, 0x9D14, 0x9CF3, 0x94B2, 0x8C92, 0x6B8E, 0x8430, 0x9772, 0x9772, 0x9772, 0x9772, 0x9772, 0x9772,
 0x9772, 0x9772, 0x9772, 0x9772, 0x9772, 0x9772, 0x9772, 0x9772, 0x9772, 0x9772, 0x9772, 0x9772, 0x9772, 0x9772, 0x9772, 0x9772,
 0x9772, 0x9772, 0xAD75, 0xDEFB, 0xFFFF, 0xFFFF, 0xFFFF, 0xFFFF, 0xFFFF, 0xFFDF, 0xBDD7, 0x8430, 0x9772, 0x9772, 0x9772, 0x9772,
 0x9772, 0x9772, 0x9772, 0x9772, 0x9772, 0x9772, 0x9772, 0x9772, 0x9772, 0x9772, 0x9772, 0x9772, 0x9772, 0x9772, 0x9772, 0x9772,
 0x9772, 0x9772, 0x9772, 0x9772, 0xAD75, 0xDF1C, 0xFFFF, 0xFFFF, 0xFFFF, 0xFFFF, 0xFFFF, 0xFFFF, 0xDEDB, 0x8C71, 0x9772, 0x9772,
 0x9772, 0x9772, 0x9772, 0x9772, 0x9772, 0x9772, 0x9772, 0x9772, 0x9772, 0x9772, 0x9772, 0x9772, 0x9772, 0x9772, 0x9772, 0x9772,
 0x9772, 0x9772, 0x9772, 0x9772, 0x9772, 0xBE18, 0x31E9, 0x94D3, 0xFFFF, 0xFFFF, 0xFFFF, 0xFFFF, 0xFFFF, 0xFFFF, 0xDEDB, 0x8C51,
 0x9772, 0x9772, 0x9772, 0x9772, 0x9772, 0x9772, 0x9772, 0x9772, 0x9772, 0x9772, 0x9772, 0x9772, 0x9772, 0x9772, 0x9772, 0x9772,
 0x9772, 0x9772, 0x9772, 0x9772, 0x9772, 0x9772, 0xEF5D, 0x3A4B, 0x428F, 0x6B90, 0xFFFF, 0xFFFF, 0xFFFF, 0xFFFF, 0xFFFF, 0xFFFF,
 0xDEFB, 0x7BCF, 0xFFDF, 0x9772, 0x9772, 0x9772, 0x9772, 0x9772, 0x9772, 0x9772, 0x9772, 0x9772, 0x9772, 0x9772, 0x9772, 0x9772,
 0x9772, 0x9772, 0x9772, 0x9772, 0x9772, 0x9772, 0x9772, 0x9772, 0xE71C, 0x4AAD, 0x428D, 0x73D0, 0xFFFF, 0xFFFF, 0xFFFF, 0xFFFF,
 0xFFFF, 0xFFFF, 0xFFFF, 0x7BCF, 0xDEDB, 0x9772, 0x9772, 0x9772, 0x9772, 0x9772, 0x9772, 0x9772, 0x9772, 0x9772, 0x9772, 0x9772,
 0x9772, 0x9772, 0x9772, 0x9772, 0x9772, 0x9772, 0x9772, 0x9772, 0x9772, 0x9772, 0xE73C, 0x8C71, 0xC618, 0x8C71, 0xFFFF, 0xFFFF,
 0xFFFF, 0xFFFF, 0xFFFF, 0xFFFF, 0xFFFF, 0xAD96, 0x9492, 0x9772, 0x9772, 0x9772, 0x9772, 0x9772, 0x9772, 0x9772, 0x9772, 0x9772,
 0x9772, 0x9772, 0x9772, 0x9772, 0x9772, 0x9772, 0x9772, 0x9772, 0x9772, 0x9772, 0x9772, 0x9772, 0xDEFB, 0x94D3, 0xEF5D, 0x9CF3,
 0xFFFF, 0xFFFF, 0xFFFF, 0xFFFF, 0xFFFF, 0xFFFF, 0xFFFF, 0xEF7D, 0x634D, 0xDEDB, 0x9772, 0x9772, 0x9772, 0x9772, 0x9772, 0x9772,
 0x9772, 0x9772, 0x9772, 0x9772, 0x9772, 0x9772, 0x9772, 0x9772, 0x9772, 0x9772, 0x9772, 0x9772, 0x9772, 0xFFDF, 0x5B2D, 0x6B8F,
 0xEF5D, 0xBDF7, 0xFFFF, 0xFFFF, 0xFFFF, 0xFFFF, 0xFFFF, 0xFFFF, 0xFFFF, 0xFFFF, 0xA555, 0xA514, 0x9772, 0x9772, 0x9772, 0x9772,
 0x9772, 0x9772, 0x9772, 0x9772, 0x9772, 0x9772, 0x9772, 0x9772, 0x9772, 0x9772, 0x9772, 0x9772, 0x9772, 0x9772, 0x9772, 0xB5D7,
 0x52ED, 0x4A8B, 0xC618, 0xFFFF, 0xFFFF, 0xFFFF, 0xFFFF, 0xFFFF, 0xFFFF, 0xFFFF, 0xFFFF, 0xFFFF, 0xB5B6, 0xC638, 0x9772, 0x9772,
 0x9772, 0x9772, 0x9772, 0x9772, 0x9772, 0x9772, 0x9772, 0x9772, 0x9772, 0x9772, 0x9772, 0x9772, 0x9772, 0x9772, 0x9772, 0x9772,
 0x9772, 0xAD75, 0x9D14, 0x73EF, 0x7BEF, 0xFFFF, 0xFFFF, 0xFFFF, 0xFFFF, 0xFFFF, 0xFFFF, 0xFFFF, 0xFFFF, 0xC618, 0xBDF7, 0x9772,
 0x9772, 0x9772, 0x9772, 0x9772, 0x9772, 0x9772, 0x9772, 0x9772, 0x9772, 0x9772, 0x9772, 0x9772, 0x9772, 0x9772, 0x9772, 0x9772,
 0x9772, 0x9772, 0xFFDF, 0x6B8F, 0x52EC, 0x73EF, 0x52CB, 0x9CF3, 0xE73C, 0xF7BE, 0xEF5D, 0xE75D, 0xCE79, 0x94D3, 0x52CB, 0xBDF7,
 0x9772, 0x9772, 0x9772, 0x9772, 0x9772, 0x9772, 0x9772, 0x9772, 0x9772, 0x9772, 0x9772, 0x9772, 0x9772, 0x9772, 0x9772, 0x9772,
 0x9772, 0x9772, 0x9772, 0x9772, 0x8CB3, 0x31EC, 0x216A, 0x8471, 0xFFDF, 0xEF7D, 0xB5D7, 0x9CF4, 0x7BEF, 0x8451, 0x6B6E, 0x4ACC,
 0x31E8, 0xCE59, 0x9772, 0x9772, 0x9772, 0x9772, 0x9772, 0x9772, 0x9772, 0x9772, 0x9772, 0x9772, 0x9772, 0x9772, 0x9772, 0x9772,
 0x9772, 0x9772, 0x9772, 0x9772, 0x9772, 0xCE9A, 0x5311, 0x214E, 0x5B32, 0xA535, 0x9772, 0x9772, 0x9772, 0xF7BE, 0x3186, 0x0841,
 0x0841, 0x0042, 0x3A29, 0xB5F7, 0x9772, 0x9772, 0x9772, 0x9772, 0x9772, 0x9772, 0x9772, 0x9772, 0x9772, 0x9772, 0x9772, 0x9772,
 0x9772, 0x9772, 0x9772, 0x9772, 0x9772, 0x9772, 0x9772, 0x7412, 0x3A32, 0x3212, 0x73F2, 0xF7BE, 0x9772, 0x9772, 0x9772, 0xCE79,
 0x18A2, 0x20C3, 0x2904, 0x20E3, 0x3166, 0x9CF3, 0x9772, 0x9772, 0x9772, 0x9772, 0x9772, 0x9772, 0x9772, 0x9772, 0x9772, 0x9772,
 0x9772, 0x9772, 0x9772, 0x9772, 0x9772, 0x9772, 0x9772, 0x9772, 0xA555, 0x63F3, 0x218E, 0x6393, 0xCE79, 0x9772, 0x9772, 0x9772,
 0x9772, 0xC618, 0x3104, 0x4985, 0x41A5, 0x49A5, 0x3945, 0x4A28, 0xFFDF, 0x9772, 0x9772, 0x9772, 0x9772, 0x9772, 0x9772, 0x9772,
 0x9772, 0x9772, 0x9772, 0x9772, 0x9772, 0x9772, 0x9772, 0x9772, 0x9772, 0xEF7D, 0x5B90, 0x7CF9, 0x8D18, 0x8472, 0x9772, 0x9772,
 0x9772, 0x9772, 0x9772, 0xEF7D, 0x3966, 0x4965, 0x4184, 0x4985, 0x4985, 0x4A27, 0xFFDF, 0x9772, 0x9772, 0x9772, 0x9772, 0x9772,
 0x9772, 0x9772, 0x9772, 0x9772, 0x9772, 0x9772, 0x9772, 0x9772, 0x9772, 0x9772, 0x9772, 0x8472, 0x6C76, 0x85BB, 0x8D17, 0xCE79,
 0x9772, 0x9772, 0x9772, 0x9772, 0x9772, 0x9772, 0xAD55, 0x3944, 0x41A6, 0x41A6, 0x4A07, 0xC617, 0x9772, 0x9772, 0x9772, 0x9772,
 0x9772, 0x9772, 0x9772, 0x9772, 0x9772, 0x9772, 0x9772, 0x9772, 0x9772, 0x9772, 0x9772, 0x9772, 0xCE59, 0x5BB2, 0x7D3A, 0x95BB,
 0x8493, 0x9772, 0x9772, 0x9772, 0x9772, 0x9772, 0x9772, 0x9772, 0x9772, 0xDEFB, 0xB5B6, 0xB596, 0xEF5D, 0x9772, 0x9772, 0x9772,
 0x9772, 0x9772, 0x9772, 0x9772, 0x9772, 0x9772, 0x9772, 0x9772, 0x9772, 0x9772, 0x9772, 0x9772, 0x9772, 0x9772, 0x73F1, 0x7D19,
 0x8DDC, 0x7C95, 0xD6DB, 0x9772, 0xFFDF, 0xF7DF, 0xF7BE, 0xF7BE, 0xF7BE, 0xFFDF, 0x9772, 0x9772, 0x9772, 0x9772, 0x9772, 0x9772,
 0x9772, 0x9772, 0x9772, 0x9772, 0x9772, 0x9772, 0x9772, 0x9772, 0x9772, 0x9772, 0x9772, 0x9772, 0x9772, 0x9772, 0x9772, 0xB597,
 0x7CB6, 0x8D7B, 0x95BA, 0xA576, 0xFFFF, 0xFFDF, 0xFFDF, 0xFFDF, 0xF7BE, 0xEF5D, 0xE73C, 0xE73C, 0xEF7D, 0xEF9E, 0xEF9E, 0xFFDF,
 0x9772, 0x9772, 0x9772, 0x9772, 0xF79E, 0xF79E, 0x9772, 0x9772, 0x9772, 0x9772, 0x9772, 0x9772, 0x9772, 0x9772, 0x9772, 0x9772,
 0xE71C, 0x5B90, 0x857A, 0x9DFB, 0x8474, 0xF79E, 0xFFFF, 0xF7BE, 0xF79E, 0xF7BE, 0xFFDF, 0xFFFF, 0xFFFF, 0xFFDF, 0x9772, 0x9772,
 0x9772, 0x9772, 0x9772, 0xFFDF, 0xEF7D, 0xCE59, 0xD6BA, 0xF79E, 0x9772, 0x9772, 0x9772, 0x9772, 0x9772, 0x9772, 0x9772, 0x9772,
 0x9772, 0x9772, 0xC659, 0x8D38, 0x9E1D, 0x9558, 0xC638, 0xFFFF, 0xF7DF, 0xF79E, 0xEF9E, 0xEF7D, 0xE75D, 0xEF7D, 0xEF7D, 0xEF5D,
 0xE73D, 0xDEDB, 0xDEFB, 0xDEDB, 0xD6BA, 0xB5D7, 0xCE79, 0xE71C, 0x9772, 0x9772, 0x9772, 0x9772, 0x9772, 0x9772, 0x9772, 0x9772,
 0x9772, 0x9772, 0x9772, 0x9772, 0xFFDF, 0xAD97, 0x8494, 0x7C73, 0xB5D7, 0xDF1C, 0xEF9E, 0xF79E, 0xF79E, 0xF79E, 0xEF5D, 0xDEFC,
 0xD6BB, 0xCE7A, 0xC67A, 0xBE39, 0xB5D7, 0xADB7, 0xC639, 0xF79E, 0x9772, 0x9772, 0x9772, 0x9772, 0x9772, 0x9772, 0x9772, 0x9772,
 0x9772, 0x9772, 0x9772, 0x9772, 0x9772, 0x9772, 0x9772, 0x9772, 0xF7BE, 0xDEFB, 0xB5D7, 0xBE18, 0xCE79, 0xDF1C, 0xE73C, 0xF79E,
 0xF7BE, 0xF79E, 0xEF7D, 0xEF5D, 0xE73C, 0xE75D, 0xEF7D, 0xFFDF, 0x9772, 0x9772, 0x9772, 0x9772, 0x9772, 0x9772, 0x9772, 0x9772,
 0x9772, 0x9772, 0x9772, 0x9772, 0x9772, 0x9772, 0x9772, 0x9772, 0x9772, 0x9772, 0x9772, 0x9772, 0xFFDF, 0xE73C, 0xDF1C, 0xDEFB,
 0xC659, 0xC659, 0xC659, 0xC659, 0xC659, 0xDF1C, 0xEF9E, 0xEF5D, 0xF79E, 0x9772, 0x9772, 0x9772, 0x9772, 0x9772, 0x9772, 0x9772,
 0x9772, 0x9772, 0x9772, 0x9772, 0x9772, 0x9772, 0x9772, 0x9772, 0x9772, 0x9772, 0x9772, 0x9772, 0x9772, 0x9772, 0x9772, 0x9772,
 0x9772, 0x9772, 0xFFDF, 0xEF7D, 0xDEFB, 0xDF1C, 0xDEFC, 0xEF5D, 0xEF7D, 0xEF7D, 0xF7BE, 0x9772, 0x9772, 0x9772, 0x9772, 0x9772,
 0x9772, 0x9772, 0x9772, 0x9772, 0x9772, 0x9772, 0x9772, 0x9772, 0x9772, 0x9772, 0x9772, 0x9772, 0x9772, 0x9772, 0x9772, 0x9772,
 0x9772, 0x9772, 0x9772, 0x9772, 0x9772, 0x9772, 0x9772, 0x9772, 0x9772, 0x9772, 0x9772, 0x9772, 0x9772, 0x9772, 0x9772, 0x9772,
 0x9772, 0x9772, 0x9772, 0x9772, 0x9772, 0x9772, 0x9772, 0x9772, 0x9772, 0x9772, 0x9772, 0x9772,
};

const unsigned short right_batsman4[] = {
 0x9772, 0x9772, 0x9772, 0x9772, 0x9772, 0x9772, 0x9772, 0x9772, 0x9772, 0x9772, 0x9772, 0x8C71, 0x73CF, 0x9CF3, 0x9CD3, 0x9772,
 0x9772, 0x9772, 0x9772, 0x9772, 0x9772, 0x9772, 0x9772, 0x9772, 0x9772, 0x9772, 0x9772, 0x9772, 0x9772, 0x9772, 0x9772, 0x9772,
 0x9772, 0x9772, 0x9772, 0x9772, 0x9772, 0x9772, 0x9772, 0x9772, 0x9772, 0x9772, 0x9772, 0xFFDF, 0x8451, 0xAD96, 0xEFBE, 0x9D13,
 0xE73C, 0x9772, 0xFFDF, 0x9CF3, 0x8C71, 0xA534, 0xB596, 0xE71C, 0x9772, 0x9772, 0x9772, 0x9772, 0x9772, 0x9772, 0x9772, 0x9772,
 0x9772, 0x9772, 0x9772, 0x9772, 0x9772, 0x9772, 0x9772, 0x9772, 0x9772, 0x9772, 0x9772, 0x9772, 0x9772, 0xE73C, 0x94B2, 0xFFFF,
 0x7BEF, 0x7C10, 0x9772, 0x9772, 0xE73C, 0x636D, 0xADB6, 0xA575, 0xB5D7, 0x8C92, 0x9772, 0x9772, 0x9772, 0x9772, 0x9772, 0x9772,
 0x9772, 0x9772, 0x9772, 0x9772, 0x9772, 0x9772, 0x9772, 0x9772, 0x9772, 0x9772, 0x9772, 0x9772, 0x9772, 0x9772, 0x9772, 0x9772,
 0xBE18, 0x94F3, 0x9D13, 0x9D13, 0x9CF3, 0xEF7D, 0xF7BE, 0x7BEF, 0xAD96, 0x7C10, 0x8C51, 0xDF1C, 0x9772, 0x9772, 0x9772, 0x9772,
 0x9772, 0x9772, 0x9772, 0x9772, 0x9772, 0x9772, 0x9772, 0x9772, 0x9772, 0x9772, 0x9772, 0x9772, 0x9772, 0x9772, 0x9772, 0x9772,
 0x9772, 0x9772, 0x9772, 0x9D14, 0xAD96, 0x634C, 0xA575, 0x9D13, 0xC638, 0x636D, 0x73CF, 0x8410, 0x94B2, 0x9772, 0x9772, 0x9772,
 0x9772, 0x9772, 0x9772, 0x9772, 0x9772, 0x9772, 0x9772, 0x9772, 0x9772, 0x9772, 0x9772, 0x9772, 0x9772, 0x9772, 0x9772, 0x9772,
 0x9772, 0x9772, 0x9772, 0x9772, 0x9772, 0xEF7D, 0x632C, 0xBDF7, 0xB5F7, 0xC658, 0x6B8E, 0x73CF, 0x9D14, 0x8451, 0xB596, 0x9772,
 0x9772, 0x9772, 0x9772, 0x9772, 0x9772, 0x9772, 0x9772, 0x9772, 0x9772, 0x9772, 0x9772, 0x9772, 0x9772, 0x9772, 0x9772, 0x9772,
 0x9772, 0x9772, 0x9772, 0x9772, 0x9772, 0x9772, 0x9772, 0x9772, 0xD69A, 0xDF1B, 0xDF3C, 0x73EF, 0xC638, 0x94D3, 0x8451, 0x8C71,
 0xB596, 0x9772, 0x9772, 0x9772, 0x9772, 0x9772, 0x9772, 0x9772, 0x9772, 0x9772, 0x9772, 0x9772, 0x9772, 0x9772, 0x9772, 0x9772,
 0x9772, 0x9772, 0x9772, 0x9772, 0x9772, 0x9772, 0x9772, 0x9772, 0x9772, 0x9772, 0x9772, 0xA514, 0x94D2, 0x8C71, 0x9D34, 0xD6FB,
 0x8451, 0x6B6D, 0xBDD7, 0x9772, 0x9772, 0x9772, 0x9772, 0x9772, 0x9772, 0x9772, 0x9772, 0x9772, 0x9772, 0x9772, 0x9772, 0x9772,
 0x9772, 0x9772, 0x9772, 0x9772, 0x9772, 0x9772, 0x9772, 0x9772, 0x9772, 0x9772, 0x9772, 0x9772, 0x9772, 0xF7BE, 0x8C92, 0xC659,
 0x9D54, 0x5B4C, 0xC659, 0x8430, 0x9CF4, 0x9772, 0x9772, 0x9772, 0x9772, 0x9772, 0x9772, 0x9772, 0x9772, 0x9772, 0x9772, 0x9772,
 0x9772, 0x9772, 0x9772, 0x9772, 0x9772, 0x9772, 0x9772, 0x9772, 0x9772, 0x9772, 0x9772, 0x9772, 0x9772, 0x9772, 0x9772, 0x9772,
 0xF79E, 0x6B8E, 0x7C30, 0xB5D7, 0xA575, 0xAD96, 0x7BEF, 0x9772, 0x9772, 0x9772, 0x9772, 0x9772, 0x9772, 0x9772, 0x9772, 0x9772,
 0x9772, 0x9772, 0x9772, 0x9772, 0x9772, 0x9772, 0x9772, 0x9772, 0x9772, 0x9772, 0x9772, 0x9772, 0x9772, 0x9772, 0x9772, 0x9772,
 0x9772, 0x9772, 0x9772, 0x8C92, 0xDF1C, 0xFFFF, 0xD6FB, 0x73CF, 0x7BCF, 0x9772, 0x9772, 0x9772, 0x9772, 0x9772, 0x9772, 0x9772,
 0x9772, 0x9772, 0x9772, 0x9772, 0x9772, 0x9772, 0x9772, 0x9772, 0x9772, 0x9772, 0x9772, 0x9772, 0x9772, 0x9772, 0x9772, 0x9772,
 0x9772, 0x9772, 0x9772, 0x9772, 0xEF7D, 0x6B8E, 0xE73C, 0xFFFF, 0xF7DF, 0x7BEF, 0x7BCF, 0xFFDF, 0x9772, 0x9772, 0x9772, 0x9772,
 0x9772, 0x9772, 0x9772, 0x9772, 0x9772, 0x9772, 0x9772, 0x9772, 0x9772, 0x9772, 0x9772, 0x9772, 0x9772, 0x9772, 0x9772, 0x9772,
 0x9772, 0x9772, 0x9772, 0x9772, 0x9772, 0x9772, 0xBDD7, 0x94D2, 0xDEFB, 0xFFFF, 0xFFFF, 0xAD75, 0x738E, 0xFFDF, 0x9772, 0x9772,
 0x9772, 0x9772, 0x9772, 0x9772, 0x9772, 0x9772, 0x9772, 0x9772, 0x9772, 0x9772, 0x9772, 0x9772, 0x9772, 0x9772, 0x9772, 0x9772,
 0x9772, 0x9772, 0x9772, 0x9772, 0x9772, 0x9772, 0x9772, 0xFFDF, 0x94B2, 0xAD75, 0xDEDB, 0xFFFF, 0xFFFF, 0xBE18, 0x738E, 0x9772,
 0x9772, 0x9772, 0x9772, 0x9772, 0x9772, 0x9772, 0x9772, 0x9772, 0x9772, 0x9772, 0x9772, 0x9772, 0x9772, 0x9772, 0x9772, 0x9772,
 0x9772, 0x9772, 0x9772, 0x9772, 0x9772, 0x9772, 0x9772, 0x9772, 0x9772, 0xC638, 0xADB6, 0x94F3, 0xD6BA, 0xFFFF, 0xFFFF, 0xDEFB,
 0x7BEF, 0x9772, 0x9772, 0x9772, 0x9772, 0x9772, 0x9772, 0x9772, 0x9772, 0x9772, 0x9772, 0x9772, 0x9772, 0x9772, 0x9772, 0x9772,
 0x9772, 0x9772, 0x9772, 0x9772, 0x9772, 0x9772, 0x9772, 0x9772, 0x9772, 0x9772, 0xFFDF, 0xA514, 0xC638, 0x8C71, 0xE75D, 0xFFFF,
 0xFFFF, 0xF79E, 0x94B2, 0x9772, 0x9772, 0x9772, 0x9772, 0x9772, 0x9772, 0x9772, 0x9772, 0x9772, 0x9772, 0x9772, 0x9772, 0x9772,
 0x9772, 0x9772, 0x9772, 0x9772, 0x9772, 0xDEDB, 0xF7BE, 0x9772, 0x9772, 0x9772, 0x9772, 0x9772, 0xB5B6, 0x9D14, 0xF7BE, 0xF7BE,
 0xFFFF, 0xFFFF, 0xFFFF, 0xFFFF, 0xA514, 0x9772, 0x9772, 0x9772, 0x9772, 0x9772, 0x9772, 0x9772, 0x9772, 0x9772, 0x9772, 0x9772,
 0x9772, 0x9772, 0x9772, 0x9772, 0x9772, 0x9772, 0xBDD7, 0xAD55, 0xFFDF, 0x9772, 0x9772, 0x9772, 0x9772, 0x9772, 0xAD55, 0xC638,
 0xFFFF, 0xFFFF, 0xFFFF, 0xFFFF, 0xFFFF, 0xEF7D, 0x8C71, 0x9772, 0x9772, 0x9772, 0x9772, 0x9772, 0x9772, 0x9772, 0x9772, 0x9772,
 0x9772, 0x9772, 0x9772, 0x9772, 0x9772, 0x9772, 0x9772, 0xC618, 0x9D14, 0x9772, 0x9772, 0x9772, 0x9772, 0x9772, 0x9772, 0x9772,
 0xBDD7, 0xAD75, 0xEF5C, 0xB5B6, 0xA534, 0x9D14, 0x9CD3, 0x8C71, 0x6B8E, 0xF79E, 0x9772, 0x9772, 0x9772, 0x9772, 0x9772, 0x9772,
 0x9772, 0x9772, 0x9772, 0x9772, 0x9772, 0x9772, 0x9772, 0x9772, 0xD69A, 0x94B2, 0xEF7D, 0x9772, 0x9772, 0x9772, 0x9772, 0x9772,
 0x9772, 0x9772, 0xEF7D, 0x73AE, 0x94D3, 0x8C71, 0xA534, 0xCE79, 0xD69A, 0xD6BA, 0x8C51, 0xD6BA, 0x9772, 0x9772, 0x9772, 0x9772,
 0x9772, 0x9772, 0x9772, 0x9772, 0x9772, 0x9772, 0x9772, 0x9772, 0x9772, 0xFFDF, 0x94B2, 0xC618, 0x9772, 0x9772, 0x9772, 0x9772,
 0x9772, 0x9772, 0x9772, 0x9772, 0xE73C, 0x94D3, 0xFFFF, 0xFFFF, 0xFFFF, 0xFFFF, 0xFFFF, 0xF7BE, 0xAD75, 0xAD75, 0x9772, 0x9772,
 0x9772, 0x9772, 0x9772, 0x9772, 0x9772, 0x9772, 0x9772, 0x9772, 0x9772, 0x9772, 0x9772, 0xE71C, 0x9D14, 0xEF5D, 0x9772, 0xCE59,
 0xEF7D, 0x9772, 0x9772, 0x9772, 0x9772, 0x9772, 0x9772, 0x8471, 0xFFFF, 0xFFFF, 0xFFFF, 0xFFFF, 0xFFFF, 0xFFFF, 0xCE59, 0x73AE,
 0x9772, 0x9772, 0x9772, 0x9772, 0x9772, 0x9772, 0x9772, 0x9772, 0x9772, 0x9772, 0x9772, 0x9772, 0x9772, 0xBE18, 0xA555, 0xFFFF,
 0xF7BE, 0x9D14, 0xF7BE, 0x9772, 0x9772, 0x9772, 0x9772, 0xE73C, 0xC639, 0x634D, 0xE75D, 0xFFFF, 0xFFFF, 0xFFFF, 0xFFFF, 0xFFFF,
 0xF7BE, 0x6B6D, 0x9772, 0x9772, 0x9772, 0x9772, 0x9772, 0x9772, 0x9772, 0x9772, 0x9772, 0x9772, 0x9772, 0x9772, 0xFFDF, 0xA555,
 0xC659, 0xFFFF, 0xAD96, 0xA555, 0x9772, 0x9772, 0x9772, 0x9772, 0xC639, 0x4AF0, 0x42AF, 0x39E8, 0xDEFB, 0xFFFF, 0xFFFF, 0xFFFF,
 0xFFFF, 0xFFFF, 0xFFFF, 0x9492, 0x9CF3, 0x9772, 0x9772, 0x9772, 0x9772, 0x9772, 0x9772, 0x9772, 0x9772, 0x9772, 0x9772, 0x9772,
 0xE71C, 0xB619, 0xD6BA, 0xFFDF, 0x8CD3, 0xC638, 0x9772, 0x9772, 0x9772, 0x9772, 0x8452, 0x5BB4, 0x5BB3, 0x4229, 0xBDF7, 0xFFFF,
 0xFFFF, 0xFFFF, 0xFFFF, 0xFFFF, 0xFFFF, 0xCE9A, 0x528A, 0xCE59, 0x9772, 0x9772, 0x9772, 0x9772, 0x9772, 0x9772, 0x9772, 0x9772,
 0x9772, 0x9772, 0xD6DB, 0xBE39, 0xDEDB, 0xD6DB, 0x9D55, 0xCE59, 0x9772, 0x9772, 0x9772, 0x9772, 0xBDF8, 0x5B4F, 0xB619, 0xAD76,
 0xAD95, 0xFFFF, 0xFFFF, 0xFFFF, 0xFFFF, 0xFFFF, 0xFFFF, 0xEF5D, 0xBDF7, 0x7BEF, 0x9772, 0x9772, 0x9772, 0x9772, 0x9772, 0x9772,
 0x9772, 0x9772, 0x9772, 0x9772, 0xBDF8, 0xA596, 0xEF7D, 0xC659, 0x8CD4, 0xE73C, 0x9772, 0x9772, 0x9772, 0x9772, 0x9772, 0xA513,
 0xFFDE, 0xDEFB, 0xAD95, 0xFFFF, 0xFFFF, 0xFFFF, 0xFFFF, 0xFFFF, 0xFFFF, 0xFFDF, 0xFFFF, 0x8C92, 0x9772, 0x9772, 0x9772, 0x9772,
 0x9772, 0x9772, 0x9772, 0x9772, 0x9772, 0x9772, 0xAD96, 0x9D35, 0xEF9D, 0xADB7, 0x94F4, 0xDEFB, 0x9772, 0x9772, 0x9772, 0xFFDF,
 0xD6DA, 0x8C71, 0x7BCF, 0xEF9D, 0xDEFB, 0xFFFF, 0xFFFF, 0xFFFF, 0xFFFF, 0xFFFF, 0xFFFF, 0xFFFF, 0xFFFF, 0x8C92, 0x9772, 0x9772,
 0x9772, 0x9772, 0x9772, 0x9772, 0x9772, 0x9772, 0x9772, 0x9772, 0xA556, 0xA556, 0xF79E, 0xA576, 0xA596, 0xCE79, 0x9772, 0xEF7D,
 0xA555, 0x7412, 0x4A8F, 0x1907, 0x634D, 0xAD96, 0xFFFF, 0xFFFF, 0xFFFF, 0xFFFF, 0xFFFF, 0xFFFF, 0xFFFF, 0xCE99, 0xC638, 0xEF7D,
 0x9772, 0x9772, 0x9772, 0x9772, 0x9772, 0x9772, 0x9772, 0x9772, 0x9772, 0x9772, 0xA576, 0xA576, 0xEF7D, 0xAD97, 0xA597, 0xA555,
 0x94F4, 0x63D1, 0x63B5, 0x3212, 0x3190, 0x298A, 0x6B8E, 0x5AEB, 0x94D2, 0xCE79, 0xE73C, 0xE73C, 0xDEDB, 0xC639, 0x7C10, 0x73AE,
 0x9772, 0x9772, 0x9772, 0x9772, 0x9772, 0x9772, 0x9772, 0x9772, 0x9772, 0x9772, 0x9772, 0x9772, 0xA576, 0xA5B7, 0xEF7D, 0x8472,
 0x63B0, 0x5BB1, 0x6CB6, 0x5C16, 0x31F0, 0x4230, 0x52F0, 0xAD97, 0xE71C, 0xF79E, 0xF79E, 0xCE59, 0x8C71, 0x73AE, 0x73AF, 0x3A08,
 0x31E8, 0x634D, 0xFFDF, 0x9772, 0x9772, 0x9772, 0x9772, 0x9772, 0x9772, 0x9772, 0x9772, 0x9772, 0x9772, 0x9772, 0xA556, 0x8452,
 0x73D0, 0x5350, 0x5C55, 0x7539, 0x857B, 0x7CF8, 0x7413, 0x9D15, 0xE71B, 0x9772, 0x9772, 0x9772, 0x9772, 0x9772, 0xEF7D, 0x18C3,
 0x0000, 0x0000, 0x0861, 0x31E7, 0xEF7D, 0x9772, 0x9772, 0x9772, 0x9772, 0x9772, 0x9772, 0x9772, 0x9772, 0x9772, 0x9772, 0x9772,
 0x6BAF, 0x4B0F, 0x6C76, 0x7D5A, 0x7D7B, 0x7D18, 0x6C33, 0x6BB0, 0x8CF4, 0xADB7, 0x9772, 0x9772, 0x9772, 0x9772, 0x9772, 0x9772,
 0xA534, 0x20C3, 0x3103, 0x4144, 0x3944, 0x3985, 0xCE79, 0x9772, 0x9772, 0x9772, 0x9772, 0x9772, 0x9772, 0x9772, 0x9772, 0x9772,
 0x9772, 0x9772, 0x530D, 0x85BC, 0x8DBC, 0x8538, 0x6C33, 0x6390, 0x73F0, 0xE71C, 0xADB7, 0x94F5, 0xE73C, 0x9772, 0x9772, 0x9772,
 0x9772, 0x9772, 0xBDB6, 0x3944, 0x4985, 0x4984, 0x51A5, 0x4164, 0x9CF3, 0x9772, 0x9772, 0x9772, 0x9772, 0x9772, 0x9772, 0x9772,
 0x9772, 0x9772, 0x9772, 0x9772, 0x94B3, 0x8537, 0x7C95, 0x6BD0, 0xA555, 0x94F4, 0xA598, 0xADB7, 0xEF5D, 0x9D56, 0x9D35, 0x9772,
 0x9772, 0x9772, 0x9772, 0x9772, 0xF7BE, 0x49E7, 0x51C6, 0x59E6, 0x5A06, 0x41A5, 0xDEDB, 0x9772, 0x9772, 0x9772, 0x9772, 0x9772,
 0x9772, 0x9772, 0x9772, 0x9772, 0x9772, 0x9772, 0xFFDF, 0x8451, 0xB5D8, 0xAD96, 0xFFFF, 0xDF1C, 0x9515, 0x9515, 0xCE59, 0xE71C,
 0x9535, 0xB5B6, 0x9772, 0x9772, 0x9772, 0x9772, 0x9772, 0xD6BA, 0x7BAE, 0x62AA, 0x5A8A, 0xC638, 0x9772, 0x9772, 0x9772, 0x9772,
 0x9772, 0x9772, 0x9772, 0x9772, 0x9772, 0x9772, 0x9772, 0x9772, 0x9772, 0xD6BA, 0xBDF8, 0xB5D8, 0xBDF7, 0xFFFF, 0xBE18, 0xA577,
 0x8CB3, 0xEF7D, 0xE73C, 0x8C92, 0xB5B6, 0x9772, 0x9772, 0x9772, 0x9772, 0x9772, 0x9772, 0x9772, 0x9772, 0x9772, 0x9772, 0x9772,
 0x9772, 0x9772, 0x9772, 0x9772, 0x9772, 0x9772, 0x9772, 0x9772, 0x9772, 0x9772, 0x9772, 0xFFDF, 0xA576, 0xBE39, 0x9D35, 0xD6BA,
 0xFFFF, 0xB5B8, 0xA598, 0x8CD3, 0xFFFF, 0xF79E, 0xA534, 0xA534, 0xF79E, 0x9772, 0x9772, 0x9772, 0x9772, 0x9772, 0x9772, 0x9772,
 0x9772, 0x9772, 0x9772, 0x9772, 0x9772, 0x9772, 0x9772, 0x9772, 0x9772, 0x9772, 0x9772, 0x9772, 0x9772, 0x9772, 0xF7BE, 0xBDF8,
 0xBE39, 0x8CD3, 0xE73C, 0xFFFF, 0xADB7, 0x9D56, 0x9CF4, 0xFFDF, 0xFFFF, 0xC659, 0xC638, 0x9772, 0x9772, 0x9772, 0x9772, 0x9772,
 0x9772, 0x9772, 0x9772, 0x9772, 0x9772, 0x9772, 0x9772, 0x9772, 0x9772, 0x9772, 0x9772, 0x9772, 0x9772, 0x9772, 0x9772, 0x9772,
 0x9772, 0xFFDF, 0xADB7, 0xB619, 0x9D14, 0xFFFF, 0xFFFF, 0xD6DB, 0xA555, 0x9D14, 0xE73C, 0x9772, 0x9772, 0x9772, 0x9772, 0x9772,
 0x9772, 0x9772, 0x9772, 0x9772, 0x9772, 0x9772, 0x9772, 0x9772, 0x9772, 0x9772, 0x9772, 0x9772, 0x9772, 0x9772, 0x9772, 0x9772,
 0x9772, 0x9772, 0x9772, 0x9772, 0xFFDF, 0xC639, 0xADD7, 0xAD96, 0xFFFF, 0xFFFF, 0xF79E, 0xBE18, 0x9D14, 0xAD75, 0xDEFB, 0x9772,
 0x9772, 0x9772, 0x9772, 0x9772, 0x9772, 0x9772, 0x9772, 0x9772, 0x9772, 0x9772, 0x9772, 0x9772, 0x9772, 0x9772, 0x9772, 0x9772,
 0x9772, 0x9772, 0x9772, 0x9772, 0x9772, 0x9772, 0x9772, 0x9772, 0xDEFB, 0xAD96, 0x9D14, 0xEF7D, 0x9772, 0x9772, 0xF7BE, 0xC658,
 0xA555, 0x9772, 0x9772, 0x9772, 0x9772, 0x9772, 0x9772, 0x9772, 0x9772, 0x9772, 0x9772, 0x9772, 0x9772, 0x9772, 0x9772, 0x9772,
 0x9772, 0x9772, 0x9772, 0x9772, 0x9772, 0x9772, 0x9772, 0x9772, 0x9772, 0x9772, 0x9772, 0xE73C, 0xAD96, 0x94F3, 0xE71C, 0x9772,
 0x9772, 0x9772, 0x9772, 0x9772, 0x9772, 0x9772, 0x9772, 0x9772, 0x9772, 0x9772, 0x9772, 0x9772, 0x9772, 0x9772, 0x9772, 0x9772,
 0x9772, 0x9772, 0x9772, 0x9772, 0x9772, 0x9772, 0x9772, 0x9772, 0x9772, 0x9772, 0x9772, 0x9772, 0x9772, 0x9772, 0xF7BE, 0xBE18,
 0x9D13, 0xB5B6, 0xEF7D, 0x9772, 0x9772, 0x9772, 0x9772, 0x9772, 0x9772, 0x9772, 0x9772, 0x9772, 0x9772, 0x9772, 0x9772, 0x9772,
 0x9772, 0x9772, 0x9772, 0x9772, 0x9772, 0x9772, 0x9772, 0x9772, 0x9772, 0x9772, 0x9772, 0x9772, 0x9772, 0x9772, 0x9772, 0x9772,
 0x9772, 0x9772, 0xF7BE, 0xCE99, 0xDEDB, 0x9772, 0x9772, 0x9772, 0x9772, 0x9772, 0x9772, 0x9772, 0x9772, 0x9772, 0x9772, 0x9772,
 0x9772, 0x9772, 0x9772, 0x9772, 0x9772, 0x9772, 0x9772, 0x9772, 0x9772, 0x9772, 0x9772, 0x9772, 0x9772, 0x9772, 0x9772, 0x9772,
 0x9772, 0x9772, 0x9772, 0x9772, 0x9772, 0x9772, 0x9772, 0x9772, 0x9772, 0x9772, 0x9772, 0x9772, 0x9772, 0x9772, 0x9772, 0x9772,
 0x9772, 0x9772, 0x9772, 0x9772, 0x9772, 0x9772, 0x9772, 0x9772, 0x9772, 0x9772, 0x9772, 0x9772,
};

const unsigned short stump1[] = {
 0x9772, 0x9772, 0x9772, 0x9772, 0x53D7, 0x9772, 0x53D7, 0x9772, 0x53D7, 0x9772, 0x9772, 0x9772, 0x9772, 0x9772, 0x9772, 0x9772,
 0x9772, 0x53D7, 0x9772, 0x53D7, 0x9772, 0x53D7, 0x9772, 0x9772, 0x9772, 0x9772, 0x9772, 0x9772, 0x9772, 0x9772, 0x53D7, 0x9772,
 0x53D7, 0x9772, 0x53D7, 0x9772, 0x9772, 0x9772, 0x9772, 0x9772, 0x9772, 0x9772, 0x9772, 0x53D7, 0x9772, 0x53D7, 0x9772, 0x53D7,
 0x9772, 0x9772, 0x9772, 0x9772, 0x9772, 0x9772, 0x9772, 0x9772, 0x53D7, 0x9772, 0x53D7, 0x9772, 0x53D7, 0x9772, 0x9772, 0x9772,
 0x9772, 0x9772, 0x9772, 0x9772, 0x9772, 0x53D7, 0x9772, 0x53D7, 0x9772, 0x53D7, 0x9772, 0x9772, 0x9772, 0x9772, 0x9772, 0x9772,
 0x9772, 0x9772, 0x53D7, 0x9772, 0x53D7, 0x9772, 0x53D7, 0x9772, 0x9772, 0x9772, 0x9772, 0x9772, 0x9772, 0x9772, 0x9772, 0x53D7,
 0x9772, 0x53D7, 0x9772, 0x53D7, 0x9772, 0x9772, 0x9772, 0x9772, 0x9772, 0x9772, 0x9772, 0x9772, 0x53D7, 0x9772, 0x53D7, 0x9772,
 0x53D7, 0x9772, 0x9772, 0x9772, 0x9772, 0x9772, 0x9772, 0x9772, 0x9772, 0x53D7, 0x9772, 0x53D7, 0x9772, 0x53D7, 0x9772, 0x9772,
 0x9772, 0x9772, 0x9772, 0x9772, 0x9772, 0x9772, 0x53D7, 0x9772, 0x53D7, 0x9772, 0x53D7, 0x9772, 0x9772, 0x9772, 0x9772, 0x9772,
 0x9772, 0x9772, 0x9772, 0x53D7, 0x53D7, 0x53D7, 0x53D7, 0x53D7, 0x9772, 0x9772, 0x9772, 0x9772, 0x9772, 0x9772, 0x9772, 0x9772,
 0x9772, 0x9772, 0x9772, 0x9772, 0x9772, 0x9772, 0x9772, 0x9772, 0x9772,

};

const unsigned short stump2[] = {
 0x9772, 0x9772, 0x9772, 0x53D7, 0x53D7, 0x9772, 0x9772, 0x53D7, 0x53D7, 0x9772, 0x9772, 0x9772, 0x9772, 0x9772, 0x9772, 0x9772,
 0x9772, 0x9772, 0x9772, 0x9772, 0x9772, 0x9772, 0x9772, 0x9772, 0x9772, 0x9772, 0x9772, 0x9772, 0x9772, 0x9772, 0x53D7, 0x9772,
 0x53D7, 0x9772, 0x53D7, 0x9772, 0x9772, 0x9772, 0x9772, 0x9772, 0x9772, 0x9772, 0x9772, 0x53D7, 0x9772, 0x53D7, 0x9772, 0x53D7,
 0x9772, 0x9772, 0x9772, 0x9772, 0x9772, 0x9772, 0x9772, 0x53D7, 0x9772, 0x9772, 0x53D7, 0x9772, 0x9772, 0x53D7, 0x9772, 0x9772,
 0x9772, 0x9772, 0x9772, 0x9772, 0x53D7, 0x9772, 0x9772, 0x53D7, 0x9772, 0x9772, 0x53D7, 0x9772, 0x9772, 0x9772, 0x9772, 0x9772,
 0x9772, 0x53D7, 0x9772, 0x9772, 0x53D7, 0x9772, 0x9772, 0x53D7, 0x9772, 0x9772, 0x9772, 0x9772, 0x9772, 0x53D7, 0x9772, 0x9772,
 0x9772, 0x53D7, 0x9772, 0x9772, 0x9772, 0x53D7, 0x9772, 0x9772, 0x9772, 0x9772, 0x53D7, 0x9772, 0x9772, 0x9772, 0x53D7, 0x9772,
 0x9772, 0x9772, 0x53D7, 0x9772, 0x9772, 0x9772, 0x9772, 0x53D7, 0x9772, 0x9772, 0x9772, 0x53D7, 0x9772, 0x9772, 0x9772, 0x53D7,
 0x9772, 0x9772, 0x9772, 0x53D7, 0x9772, 0x9772, 0x9772, 0x9772, 0x53D7, 0x9772, 0x9772, 0x9772, 0x9772, 0x53D7, 0x9772, 0x9772,
 0x53D7, 0x9772, 0x9772, 0x9772, 0x9772, 0x53D7, 0x9772, 0x9772, 0x9772, 0x9772, 0x53D7, 0x9772, 0x9772, 0x9772, 0x9772, 0x9772,
 0x9772, 0x9772, 0x9772, 0x9772, 0x9772, 0x9772, 0x9772, 0x9772, 0x9772,
};

/*const unsigned short ball[] = {
 0xFFFF, 0xFFFF, 0x20FD, 0x20FD, 0x20FD, 0x20FD, 0x20FD, 0x20FD, 0xFFFF, 0xFFFF, 0xFFFF, 0x525E, 0x20FD, 0x20FD, 0x20FD, 0x20FD,
 0x20FD, 0x20FD, 0x525E, 0xFFFF, 0x20FD, 0x20FD, 0x20FD, 0x20FD, 0x20FD, 0x20FD, 0x20FD, 0x20FD, 0x20FD, 0x20FD, 0x20FD, 0x20FD,
 0x20FD, 0x20FD, 0x20FD, 0x20FD, 0x20FD, 0x20FD, 0x20FD, 0x20FD, 0x20FD, 0x20FD, 0x20FD, 0x20FD, 0x20FD, 0x20FD, 0x20FD, 0x20FD,
 0x20FD, 0x20FD, 0x20FD, 0x20FD, 0x20FD, 0x20FD, 0x20FD, 0x20FD, 0x20FD, 0x20FD, 0x20FD, 0x20FD, 0x20FD, 0x20FD, 0x20FD, 0x20FD,
 0x20FD, 0x20FD, 0x20FD, 0x20FD, 0x20FD, 0x20FD, 0x20FD, 0x20FD, 0x20FD, 0x20FD, 0x20FD, 0x20FD, 0x20FD, 0x20FD, 0x20FD, 0x20FD,
 0xFFFF, 0x525E, 0x20FD, 0x20FD, 0x20FD, 0x20FD, 0x20FD, 0x20FD, 0x525E, 0xFFFF, 0xFFFF, 0xFFFF, 0x20FD, 0x20FD, 0x20FD, 0x20FD,
 0x20FD, 0x20FD, 0xFFFF, 0xFFFF,
};*/

/*
const unsigned short ball[] = {
 0xFFFF, 0x20FD, 0x20FD, 0x20FD, 0x20FD, 0x20FD, 0x20FD, 0x20FD, 0x20FD, 0x20FD, 0xFFFF, 0x20FD, 0x20FD, 0x20FD, 0x20FD, 0x20FD,
 0x20FD, 0x20FD, 0x20FD, 0x20FD, 0x20FD, 0x20FD, 0x20FD, 0x20FD, 0x20FD, 0x20FD, 0x20FD, 0x20FD, 0x20FD, 0x20FD, 0x20FD, 0x20FD,
 0x20FD, 0x20FD, 0x20FD, 0x20FD, 0x20FD, 0x20FD, 0x20FD, 0x20FD, 0x20FD, 0x20FD, 0x20FD, 0x20FD, 0x20FD, 0x20FD, 0x20FD, 0x20FD,
 0x20FD, 0x20FD, 0x20FD, 0x20FD, 0x20FD, 0x20FD, 0x20FD, 0x20FD, 0x20FD, 0x20FD, 0x20FD, 0x20FD, 0x20FD, 0x20FD, 0x20FD, 0x20FD,
 0x20FD, 0x20FD, 0x20FD, 0x20FD, 0x20FD, 0x20FD, 0x20FD, 0x20FD, 0x20FD, 0x20FD, 0x20FD, 0x20FD, 0x20FD, 0x20FD, 0x20FD, 0x20FD,
 0x20FD, 0x20FD, 0x20FD, 0x20FD, 0x20FD, 0x20FD, 0x20FD, 0x20FD, 0x20FD, 0x20FD, 0x20FD, 0x20FD, 0x20FD, 0x20FD, 0x20FD, 0x20FD,
 0x20FD, 0x20FD, 0x20FD, 0xFFFF,
};*/

const unsigned short ball[] = {
 0xCD9F, 0x49FF, 0x107E, 0x107E, 0x49DF, 0xCD9F, 0x521E, 0x293E, 0x20DE, 0x20DE, 0x293E, 0x521E, 0x0832, 0x1072, 0x1092, 0x1092,
 0x1072, 0x0832, 0x0832, 0x1072, 0x1092, 0x1092, 0x1072, 0x0832, 0x523F, 0x293E, 0x20DE, 0x20DE, 0x293E, 0x523F, 0xCD9F, 0x49DF,
 0x107F, 0x107F, 0x49DF, 0xCD9F,
};

const unsigned short pitch[] = {
 0xA71D, 0xA71D, 0xA71D, 0xA71D, 0xA71D, 0xA71D, 0xA71D, 0xA71D, 0xA71D, 0xA71D, 0xA71D, 0xA71D, 0xA71D, 0xA71D, 0xA71D, 0xA71D,
 0xA71D, 0xA71D, 0xA71D, 0xA71D, 0xA71D, 0xA71D, 0xA71D, 0xA71D, 0xA71D, 0xA71D, 0xA71D, 0xA71D, 0xA71D, 0xA71D, 0xA71D, 0xA71D,
 0xA71D, 0xA71D, 0xA71D, 0xA71D, 0xA71D, 0xA71D, 0xA71D, 0xA71D, 0xA71D, 0xA71D, 0xA71D, 0xA71D, 0xA71D, 0xA71D, 0xA71D, 0xA71D,
 0xA71D, 0xA71D, 0xA71D, 0xA71D, 0xA71D, 0xA71D, 0xA71D, 0xA71D, 0xA71D, 0xA71D, 0xA71D, 0xA71D, 0xA71D, 0xA71D, 0xA71D, 0xA71D,
 0xA71D, 0xA71D, 0xA71D, 0xA71D, 0xA71D, 0xA71D, 0xAF1D, 0xAF1D, 0xAF1D, 0xAF1D, 0xAF1D, 0xAF1D, 0xAF1D, 0xAF1D, 0xAF1D, 0xAF1D,
 0xAF1D, 0xAF1D, 0xAF1D, 0xAF1D, 0xAF1D, 0xAF1D, 0xAF1D, 0xAF1D, 0xAF1D, 0xAF1D, 0xAF1D, 0xAF1D, 0xAF1D, 0xAF1D, 0xAF1D, 0xAF1D,
 0xAF1D, 0xAF1D, 0xAF1D, 0xAF1D, 0xAF1D, 0xAF1D, 0xAF1D, 0xAF1D, 0xAF1D, 0xB73D, 0xB73D, 0xB73D, 0xB73D, 0xB73D, 0xB73D, 0xB73D,
 0xB73D, 0xB73D, 0xB73D, 0xB73D, 0xB73D, 0xB73D, 0xB73D, 0xB73D, 0xB73D, 0xB73D, 0xB73D, 0xB73D, 0xB73D, 0xB73D, 0xB73D, 0xB73D,
 0xB73D, 0xB73D, 0xB73D, 0xB73D, 0xB73D, 0xB73D, 0xB73D, 0xB73D, 0xB73D, 0xB73D, 0xB73D, 0xB73D, 0xB73D, 0xB73D, 0xB73D, 0xB73D,
 0xB73D, 0xB73D, 0xB73D, 0xB73D, 0xB73D, 0xB73D, 0xB73D, 0xB73D, 0xB73D, 0xB73D, 0xB73D, 0xB73D, 0xB73D, 0xB73D, 0xB73D, 0xB73D,
 0xB73D, 0xB73D, 0xB73D, 0xB73D, 0xB73D, 0xB73D, 0xB73D, 0xB73D, 0xB73D, 0xB73D, 0xB73D, 0xB73D, 0xB73D, 0xB73D, 0xB73D, 0xB73D,
 0xB73D, 0xB73D, 0xB73D, 0xB73D, 0xB73D, 0xB73D, 0xB73D, 0xB73D, 0xB73D, 0xB73D, 0xB73D, 0xB73D, 0xB73D, 0xB73D, 0xB73D, 0xB73D,
 0xB73D, 0xB73D, 0xB73D, 0xB73D, 0xB73D, 0xB73D, 0xB73D, 0xB73D, 0xB73D, 0xB73D, 0xB73D, 0xB73D, 0xB73D, 0xB73D, 0xB73D, 0xB73D,
 0xB73D, 0xB73D, 0xB73D, 0xB73D, 0xB73D, 0xB73D, 0xB73D, 0xB73D, 0xB73D, 0xB73D, 0xB73D, 0xB73D, 0xB73D, 0xB73D, 0xB73D, 0xB73D,
 0xB73D, 0xB73D, 0xB73D, 0xB73D, 0xB73D, 0xB73D, 0xB73D, 0xB73D, 0xB73D, 0xB73D, 0xB73D, 0xB73D, 0xB73D, 0xB73D, 0xB73D, 0xB73D,
 0xB73D, 0xB73D, 0xB73D, 0xB73D, 0xB73D, 0xB73D, 0xB73D, 0xB73D, 0xB73D, 0xB73D, 0xB73D, 0xB73D, 0xB73D, 0xB73D, 0xB73D, 0xB73D,
 0xB73D, 0xB73D, 0xB73D, 0xB73D, 0xB73D, 0xB73D, 0xB73D, 0xB73D, 0xB73D, 0xB73D, 0xB73D, 0xB73D, 0xB73D, 0xB73D, 0xB73D, 0xB73D,
 0xB73D, 0xB73D, 0xB73D, 0xB73D, 0xB73D, 0xB73D, 0xB73D, 0xB73D, 0xB73D, 0xB73D, 0xB73D, 0xB73D, 0xB73D, 0xB73D, 0xB73D, 0xB73D,
 0xB73D, 0xB73D, 0xB73D, 0xB73D, 0xB73D, 0xB73D, 0xB73D, 0xB73D, 0xB73D, 0xB73D, 0xB73D, 0xB73D, 0xB73D, 0xB73D, 0xB73D, 0xB73D,
 0xB73D, 0xB73D, 0xB73D, 0xB73D, 0xB73D, 0xB73D, 0xB73D, 0xB73D, 0xB73D, 0xB71D, 0xB73D, 0xB73D, 0xB73D, 0xB73D, 0xB73D, 0xB73D,
 0xB73D, 0xB73D, 0xB73D, 0xB73D, 0xB73D, 0xB73D, 0xB73D, 0xB73D, 0xB73D, 0xB73D, 0xB73D, 0xB73D, 0xB73D, 0xB73D, 0xB73D, 0xB73D,
 0xB73D, 0xB73D, 0xB73D, 0xB73D, 0xB73D, 0xB73D, 0xB73D, 0xB73D, 0xB73D, 0xB73D, 0xB71D, 0xB73D, 0xB73D, 0xB73D, 0xB73D, 0xB73D,
 0xB73D, 0xB73D, 0xB73D, 0xB73D, 0xB73D, 0xB73D, 0xB73D, 0xB73D, 0xB73D, 0xB73D, 0xB73D, 0xB73D, 0xB73D, 0xB73D, 0xB73D, 0xB73D,
 0xB73D, 0xB73D, 0xB73D, 0xB73D, 0xB73D, 0xB73D, 0xB73D, 0xB73D, 0xB73D, 0xB73D, 0xB73D, 0xB73D, 0xB73D, 0xB73D, 0xB73D, 0xB73D,
 0xB73D, 0xB73D, 0xB73D, 0xB73D, 0xB73D, 0xB73D, 0xB73D, 0xB73D, 0xB73D, 0xB73D, 0xB73D, 0xB73D, 0xB73D, 0xB73D, 0xB73D, 0xB73D,
 0xB73D, 0xB73D, 0xB73D, 0xB73D, 0xB73D, 0xB73D, 0xB73D, 0xB73D, 0xB73D, 0xB73D, 0xB73D, 0xB73D, 0xB73D, 0xB73D, 0xB73D, 0xB73D,
 0xB71D, 0xB73D, 0xB73D, 0xB73D, 0xB73D, 0xB73D, 0xB73D, 0xB73D, 0xB73D, 0xB73D, 0xB73D, 0xB73D, 0xB73D, 0xB73D, 0xB73D, 0xB73D,
 0xB73D, 0xB73D, 0xB73D, 0xB73D, 0xB73D, 0xB73D, 0xB73D, 0xB73D, 0xB73D, 0xB73D, 0xB73D, 0xB73D, 0xB73D, 0xB73D, 0xB73D, 0xB73D,
 0xB73D, 0xB73D, 0xB73D, 0xB73D, 0xB73D, 0xB73D, 0xB73D, 0xB73D, 0xB73D, 0xB73D, 0xB73D, 0xB73D, 0xB73D, 0xB73D, 0xB73D, 0xB73D,
 0xB73D, 0xB73D, 0xB73D, 0xB73D, 0xB73D, 0xB73D, 0xB73D, 0xB73D, 0xB73D, 0xB73D, 0xB73D, 0xB73D, 0xB73D, 0xB73D, 0xB73D, 0xB73D,
 0xB73D, 0xB73D, 0xB73D, 0xB73D, 0xB73D, 0xB73D, 0xB73D, 0xB73D, 0xB73D, 0xB73D, 0xB73D, 0xB73D, 0xB73D, 0xB73D, 0xB73D, 0xB73D,
 0xB73D, 0xB73D, 0xB73D, 0xB73D, 0xB73D, 0xB73D, 0xB73D, 0xB73D, 0xB73D, 0xB73D, 0xB73D, 0xB73D, 0xB73D, 0xB73D, 0xB73D, 0xB73D,
 0xB73D, 0xB73D, 0xB73D, 0xB73D, 0xB73D, 0xB73D, 0xB73D, 0xB73D, 0xB73D, 0xB73D, 0xB73D, 0xB73D, 0xB73D, 0xB73D, 0xB73D, 0xB73D,
 0xB73D, 0xB73D, 0xB73D, 0xB73D, 0xB73D, 0xB73D, 0xB73D, 0xB73D, 0xB73D, 0xB73D, 0xB73D, 0xB73D, 0xB73D, 0xB73D, 0xB73D, 0xB73D,
 0xB73D, 0xB73D, 0xB73D, 0xB73D, 0xB73D, 0xB73D, 0xB73D, 0xB73D, 0xB73D, 0xB73D, 0xB73D, 0xB73D, 0xB73D, 0xB73D, 0xB73D, 0xB73D,
 0xFFFF, 0xFFFF, 0xFFFF, 0xFFFF, 0xFFFF, 0xFFFF, 0xFFFF, 0xFFFF, 0xFFFF, 0xFFFF, 0xFFFF, 0xFFFF, 0xFFFF, 0xFFFF, 0xFFFF, 0xFFFF,
 0xFFFF, 0xFFFF, 0xFFFF, 0xFFFF, 0xFFFF, 0xFFFF, 0xFFFF, 0xFFFF, 0xFFFF, 0xFFFF, 0xFFFF, 0xFFFF, 0xFFFF, 0xFFFF, 0xFFFF, 0xFFFF,
 0xFFFF, 0xFFFF, 0xFFFF, 0xFFFF, 0xFFFF, 0xFFFF, 0xFFFF, 0xFFFF, 0xFFFF, 0xFFFF, 0xFFFF, 0xFFFF, 0xFFFF, 0xFFFF, 0xFFFF, 0xFFFF,
 0xFFFF, 0xFFFF, 0xFFFF, 0xFFFF, 0xFFFF, 0xFFFF, 0xFFFF, 0xFFFF, 0xFFFF, 0xFFFF, 0xFFFF, 0xFFFF, 0xFFFF, 0xFFFF, 0xFFFF, 0xFFFF,
 0xFFFF, 0xFFFF, 0xFFFF, 0xFFFF, 0xFFFF, 0xFFFF, 0xFFFF, 0xFFFF, 0xFFFF, 0xFFFF, 0xFFFF, 0xFFFF, 0xFFFF, 0xFFFF, 0xFFFF, 0xFFFF,
 0xFFFF, 0xFFFF, 0xFFFF, 0xFFFF, 0xFFFF, 0xFFFF, 0xFFFF, 0xFFFF, 0xFFFF, 0xFFFF, 0xFFFF, 0xFFFF, 0xFFFF, 0xFFFF, 0xFFFF, 0xFFFF,
 0xFFFF, 0xFFFF, 0xFFFF, 0xFFFF, 0xFFFF, 0xFFFF, 0xFFFF, 0xFFFF, 0xFFFF, 0xB73D, 0xB73D, 0xB73D, 0xB73D, 0xB73E, 0xB73E, 0xB73D,
 0xB73D, 0xB73D, 0xB73D, 0xB73D, 0xB73D, 0xB73D, 0xB73D, 0xB73D, 0xB73D, 0xB73D, 0xB73D, 0xB73D, 0xB73D, 0xB73D, 0xB73D, 0xB73D,
 0xB73D, 0xB73D, 0xB73D, 0xB73D, 0xB73D, 0xB73D, 0xB73D, 0xB73D, 0xB73D, 0xB73D, 0xB73D, 0xB73D, 0xB73D, 0xB73D, 0xB73D, 0xB73D,
 0xB73D, 0xB73D, 0xB73D, 0xB73D, 0xB73D, 0xB73D, 0xB73D, 0xB73D, 0xB73D, 0xB73D, 0xB73D, 0xB73D, 0xB73D, 0xB73D, 0xB73D, 0xB73D,
 0xB73D, 0xB73D, 0xB73D, 0xB73D, 0xB73D, 0xB73D, 0xB73D, 0xB73D, 0xB73D, 0xB73D, 0xB73D, 0xB73D, 0xB73D, 0xB73D, 0xB73D, 0xB73D,
 0xB73D, 0xB73D, 0xB73D, 0xB73D, 0xB73D, 0xB73D, 0xB73D, 0xB73D, 0xAF3D, 0xAF1D, 0xAF1D, 0xAF1D, 0xAF1D, 0xAF1D, 0xAF1D, 0xAF1D,
 0xAF1D, 0xAF1D, 0xAF1D, 0xAF1D, 0xAF1D, 0xAF1D, 0xAF1D, 0xAF1D, 0xAF1D, 0xAF1D, 0xAF1D, 0xAF1D, 0xAF1D, 0xAF1D, 0xB73D, 0xB73D,
 0xB73D, 0xB73D, 0xB73D, 0xB73D, 0xB73D, 0xB73D, 0xB73D, 0xAF1D, 0xAF1D, 0xAF1D, 0xAF1D, 0xAF1D, 0xAF1D, 0xAF1D, 0xAF1D, 0xAF1D,
 0xAF1D, 0xAF1D, 0xAF1D, 0xAF1D, 0xAF1D, 0xAF1D, 0xAF1D, 0xAF1D, 0xAF1D, 0xAF1D, 0xAF1D, 0xAF1D, 0xAF1D, 0xAF1D, 0xAF1D, 0xAF1D,
 0xAF1D, 0xAF1D, 0xB73D, 0xB73D, 0xB73D, 0xB73D, 0xB73D, 0xB73D, 0xB73D, 0xB73D, 0xAF1D, 0xAF1D, 0xAF1D, 0xAF1D, 0xAF1D, 0xAF1D,
 0xAF1D, 0xAF1D, 0xAF1D, 0xAF1D, 0xAF1D, 0xAF1D, 0xAF1D, 0xAF1D, 0xAF1D, 0xAF1D, 0xAF1D, 0xAF1D, 0xAF1D, 0xAF1D, 0xAF1D, 0xAF1D,
 0xAF1D, 0xAF1D, 0xAF1D, 0xAF1D, 0xAF1D, 0xB73D, 0xB73D, 0xB73D, 0xB73D, 0xB73D, 0xB73D, 0xB73D, 0xB73D, 0xB73D, 0xB73D, 0xB73D,
 0xB73D, 0xB73D, 0xB73D, 0xAF1D, 0xAF1D, 0xB73D, 0xB73D, 0xAF1D, 0xAF1D, 0xAF1D, 0xAF1D, 0xAF1D, 0xAF1D, 0xAF1D, 0xAF1D, 0xAF1D,
 0xAF1D, 0xAF1D, 0xAF1D, 0xAF1D, 0xAF1D, 0xAF1D, 0xAF1D, 0xAF1D, 0xAF1D, 0xB73D, 0xAF1D, 0xAF1D, 0xAF1D, 0xB73D, 0xB73D, 0xB73D,
 0xB73D, 0xB73D, 0xB73D, 0xB73D, 0xB73D, 0xB73D, 0xB73D, 0xB73D, 0xB73D, 0xB73D, 0xB73D, 0xAF1D, 0xAF1D, 0xAF1D, 0xAF1D, 0xAF1D,
 0xAF1D, 0xAF1D, 0xAF1D, 0xAF1D, 0xAF1D, 0xAF1D, 0xAF1D, 0xAF1D, 0xAF1D, 0xAF1D, 0xAF1D, 0xAF1D, 0xAF1D, 0xAF1D, 0xAF1D, 0xAF1D,
 0xB73D, 0xB73D, 0xB73D, 0xAF1D, 0xB73D, 0xB73D, 0xB73D, 0xB73D, 0xB73D, 0xB73D, 0xB73D, 0xB73D, 0xB73D, 0xB73D, 0xB73D, 0xAF1D,
 0xAF1D, 0xAF1D, 0xAF1D, 0xAF1D, 0xAF1D, 0xAF1D, 0xAF1D, 0xAF1D, 0xAF1D, 0xAF1D, 0xAF1D, 0xAF1D, 0xAF1D, 0xAF1D, 0xAF1D, 0xAF1D,
 0xAF1D, 0xAF3D, 0xAF3D, 0xAF1D, 0xB73D, 0xB73D, 0xB73D, 0xAF3D, 0xAF3D, 0xAF3D, 0xAF3D, 0xAF3D, 0xB73D, 0xB73D, 0xB73D, 0xB73D,
 0xB73D, 0xB73D, 0xB73D, 0xB73D, 0xB73D, 0xAF1D, 0xAF3D, 0xAF3D, 0xAF3D, 0xAF3D, 0xAF3D, 0xAF3D, 0xAF3D, 0xAF3D, 0xAF3D, 0xAF3D,
 0xAF3D, 0xAF3D, 0xAF3D, 0xAF3D, 0xB73D, 0xB73D, 0xB73D, 0xB73D, 0xB73D, 0xB73D, 0xB73D, 0xB73D, 0xB73D, 0xB73D, 0xB73D, 0xB73D,
 0xB73D, 0xB73D, 0xB73D, 0xB73D, 0xB73D, 0xB73D, 0xB73D, 0xB73D, 0xB73D, 0xB73D, 0xB73D, 0xB71D, 0xB73D, 0xB73D, 0xB73D, 0xB73D,
 0xB73D, 0xB73D, 0xB73D, 0xB73D, 0xB73D, 0xB73D, 0xB73D, 0xB73D, 0xB73D, 0xB73D, 0xB73D, 0xB73D, 0xB73D, 0xB73D, 0xB71D, 0xB73D,
 0xB73D, 0xB73D, 0xB73D, 0xB73D, 0xB73D, 0xB73D, 0xB73D, 0xB71D, 0xB73D, 0xB73D, 0xB73D, 0xB73D, 0xB73D, 0xB73D, 0xB73D, 0xB73D,
 0xB73D, 0xB71D, 0xB73D, 0xB73D, 0xB73D, 0xB73D, 0xB73D, 0xB73D, 0xB73D, 0xB73D, 0xB73D, 0xB73D, 0xB73D, 0xB73D, 0xB71D, 0xB73D,
 0xB73D, 0xB73D, 0xB73D, 0xB73D, 0xB73D, 0xB73D, 0xB73D, 0xB73D, 0xB73D, 0xB73D, 0xB73D, 0xB73D, 0xB73D, 0xB73D, 0xB73D, 0xB73D,
 0xB73D, 0xB73D, 0xB73D, 0xB73D, 0xB73D, 0xB73D, 0xB71D, 0xB73D, 0xB73D, 0xB73D, 0xB73D, 0xB73D, 0xB73D, 0xB73D, 0xB73D, 0xB73D,
 0xB73D, 0xB73D, 0xB73D, 0xB73D, 0xB73D, 0xB71D, 0xB73D, 0xB73D, 0xB73D, 0xB73D, 0xB71D, 0xB73D, 0xB73D, 0xB73D, 0xB73D, 0xB73D,
 0xB73D, 0xB73D, 0xB73D, 0xB73D, 0xB73D, 0xB73D, 0xB73D, 0xB73D, 0xB73D, 0xB73D, 0xB73D, 0xB73D, 0xB73D, 0xB73D, 0xB73D, 0xB73D,
 0xB73D, 0xB73D, 0xB73D, 0xB73D, 0xB73D, 0xB71D, 0xB73D, 0xB73D, 0xB73D, 0xB73D, 0xB73D, 0xB73D, 0xB73D, 0xB73D, 0xB71D, 0xB73D,
 0xB73D, 0xB73D, 0xB73D, 0xB73D, 0xB73D, 0xB73D, 0xB73D, 0xB73D, 0xB73D, 0xB73D, 0xB73D, 0xB73D, 0xB73D, 0xB73D, 0xB73D, 0xB73D,
 0xB73D, 0xB73D, 0xB73D, 0xB73D, 0xB73D, 0xB73D, 0xB73D, 0xB73D, 0xB73D, 0xB73D, 0xB73D, 0xB73D, 0xB73D, 0xB73D, 0xB73D, 0xB73D,
 0xB73D, 0xB73D, 0xB73D, 0xB73D, 0xB73D, 0xB73D, 0xB71D, 0xB73D, 0xB73D, 0xB73D, 0xB73D, 0xB73D, 0xB73D, 0xB73D, 0xB73D, 0xB71D,
 0xB73D, 0xB73D, 0xB73D, 0xB73D, 0xB73D, 0xB73D, 0xB73D, 0xB73D, 0xB73D, 0xB73D, 0xB73D, 0xB73D, 0xB73D, 0xB73D, 0xB73D, 0xB73D,
 0xB73D, 0xB73D, 0xB73D, 0xB73D, 0xB73D, 0xB73D, 0xB73D, 0xB73D, 0xB73D, 0xB73D, 0xB73D, 0xB73D, 0xB73D, 0xB73D, 0xB73D, 0xB73D,
 0xB73D, 0xB73D, 0xB73D, 0xB73D, 0xB73D, 0xB73D, 0xB73D, 0xB73D, 0xB73D, 0xB73D, 0xB73D, 0xB73D, 0xB73D, 0xB73D, 0xB73D, 0xB71D,
 0xB73D, 0xB73D, 0xB73D, 0xB73E, 0xB73D, 0xB73D, 0xB73D, 0xB73D, 0xB73D, 0xB73D, 0xB73D, 0xB73D, 0xB73D, 0xB73D, 0xB73D, 0xB73D,
 0xB73D, 0xB73D, 0xB73D, 0xB73D, 0xB73D, 0xB73D, 0xB73D, 0xB73D, 0xB73D, 0xB73D, 0xB73D, 0xB73D, 0xB73D, 0xB73D, 0xB73D, 0xB73D,
 0xB73D, 0xB73D, 0xB73D, 0xB73D, 0xB73D, 0xB73D, 0xB71D, 0xB73D, 0xB73D, 0xB73D, 0xB73D, 0xB73D, 0xB73D, 0xB73D, 0xB73D, 0xB73D,
 0xB73D, 0xB73D, 0xB73D, 0xB73D, 0xB73D, 0xB73D, 0xB73D, 0xB73D, 0xB73D, 0xB73D, 0xB73D, 0xB73D, 0xB73D, 0xB73D, 0xB73D, 0xB73D,
 0xB73D, 0xB73D, 0xB73D, 0xB73D, 0xB73D, 0xB73E, 0xB73D, 0xB73D, 0xB73D, 0xB73D, 0xB71D, 0xB73D, 0xB73D, 0xB73D, 0xB73D, 0xB73D,
 0xB73D, 0xB73D, 0xB73D, 0xB73D, 0xB73D, 0xB73D, 0xB73D, 0xB73D, 0xB73D, 0xB73D, 0xB73D, 0xB73D, 0xB73D, 0xB73D, 0xB73D, 0xB73D,
 0xB73D, 0xB73D, 0xB73D, 0xB73D, 0xB73D, 0xB73D, 0xB73D, 0xB73D, 0xB73D, 0xB73D, 0xB73D, 0xB73D, 0xB73D, 0xB73D, 0xB73D, 0xB73D,
 0xB73D, 0xB73D, 0xB73D, 0xB73D, 0xB73D, 0xB73D, 0xB73D, 0xB73D, 0xB73D, 0xB73D, 0xB73D, 0xB73D, 0xB73D, 0xB73D, 0xB73D, 0xB73D,
 0xB73D, 0xB73D, 0xB73D, 0xB73D, 0xB73D, 0xB73D, 0xB73D, 0xB73D, 0xB73D, 0xB73D, 0xB73D, 0xB73D, 0xB73D, 0xB73D, 0xB73D, 0xB73D,
 0xB73D, 0xB73D, 0xB73D, 0xB73D, 0xB73D, 0xB73D, 0xB73D, 0xB73D, 0xB73D, 0xB73D, 0xB73D, 0xB73D, 0xB73D, 0xB73D, 0xB73D, 0xB73D,
 0xB73D, 0xB73D, 0xB73D, 0xB73D, 0xB73D, 0xB73D, 0xB73D, 0xB73D, 0xB73D, 0xB73D, 0xB73D, 0xB73D, 0xB73D, 0xB73D, 0xB73D, 0xB73D,
 0xB73D, 0xB73D, 0xB73D, 0xB73D, 0xB73D, 0xB73D, 0xB73D, 0xB73D, 0xB73D, 0xB73D, 0xB73D, 0xB73D, 0xB73D, 0xB73D, 0xB73D, 0xB73D,
 0xB73D, 0xB73D, 0xB73D, 0xB73D, 0xB73D, 0xB73D, 0xB73D, 0xB73D, 0xB73D, 0xB73D, 0xB73D, 0xB73D, 0xB73D, 0xB73D, 0xB73D, 0xB73D,
 0xB73D, 0xB73D, 0xB73D, 0xB73D, 0xB73D, 0xB73D, 0xB73D, 0xB73D, 0xB73D, 0xB73D, 0xB73D, 0xB73D, 0xB73D, 0xB73D, 0xB73D, 0xB73D,
 0xB73D, 0xB73D, 0xB73D, 0xB73D, 0xB73D, 0xB73D, 0xB73D, 0xB73D, 0xB73D, 0xB73D, 0xB73D, 0xB73D, 0xB73D, 0xB73D, 0xB73D, 0xB73D,
 0xB73D, 0xB73D, 0xB73D, 0xB73D, 0xB73D, 0xB73D, 0xB73D, 0xB73D, 0xB73D, 0xB73D, 0xB71D, 0xB73D, 0xB73D, 0xB73D, 0xB73D, 0xB73D,
 0xB73D, 0xB73D, 0xB73D, 0xB73D, 0xB73D, 0xB73D, 0xB73D, 0xB73D, 0xB73D, 0xB73D, 0xB73D, 0xB73D, 0xB73D, 0xB73D, 0xB73D, 0xB73D,
 0xB73D, 0xB73D, 0xB73D, 0xB73D, 0xB73D, 0xB73D, 0xB73D, 0xB73D, 0xB73D, 0xB73D, 0xB71D, 0xB73D, 0xB73D, 0xB73D, 0xB73D, 0xB73D,
 0xB73D, 0xB73D, 0xB73D, 0xB73D, 0xB73D, 0xB73D, 0xB73D, 0xB73D, 0xB73D, 0xB73D, 0xB73D, 0xB73D, 0xB73D, 0xB73D, 0xB73D, 0xB73D,
 0xB73D, 0xB73D, 0xB73D, 0xB73D, 0xB73D, 0xB73D, 0xB73D, 0xB73D, 0xB73D, 0xB73D, 0xB73D, 0xB73D, 0xB73D, 0xB73D, 0xB73D, 0xB73D,
 0xB73D, 0xB73D, 0xB73D, 0xB73D, 0xB73D, 0xB73D, 0xB73D, 0xB73D, 0xB73D, 0xB73D, 0xB73D, 0xB73D, 0xB73D, 0xB73D, 0xB73D, 0xB73D,
 0xB73D, 0xB73D, 0xB73D, 0xB73D, 0xB73D, 0xB73D, 0xB73D, 0xB73D, 0xB73D, 0xB73D, 0xB73D, 0xB73D, 0xB73D, 0xB73D, 0xB73D, 0xB73D,
 0xB73D, 0xB73D, 0xB73D, 0xB73D, 0xB73D, 0xB73D, 0xB73D, 0xB73D, 0xB73D, 0xB73D, 0xB73D, 0xB73D, 0xB73D, 0xB73D, 0xB73D, 0xB73D,
 0xB73D, 0xB73D, 0xB73D, 0xB73D, 0xB73D, 0xB73D, 0xB73D, 0xB73D, 0xB73D, 0xB73D, 0xB73D, 0xB73D, 0xB73D, 0xB73D, 0xB73D, 0xB73D,
 0xB73D, 0xB73D, 0xB73D, 0xB73D, 0xB73D, 0xB73D, 0xB73D, 0xB73D, 0xB73D, 0xB73D, 0xB73D, 0xB73D, 0xB73D, 0xB73D, 0xB73D, 0xB73D,
 0xB73D, 0xB73D, 0xB73D, 0xB73D, 0xB73D, 0xB73D, 0xB73D, 0xB73D, 0xB73D, 0xB73D, 0xB73D, 0xB73D, 0xB73D, 0xB73D, 0xB73D, 0xB73D,
 0xB73D, 0xB73D, 0xB73D, 0xB73D, 0xB73D, 0xB73D, 0xB73D, 0xB73D, 0xB73D, 0xB73D, 0xB73D, 0xB73D, 0xB73D, 0xB73D, 0xB73D, 0xB73D,
 0xB73D, 0xB73D, 0xB73D, 0xB73D, 0xB73D, 0xB73D, 0xB73D, 0xB73D, 0xB73D, 0xB73D, 0xB73D, 0xB73D, 0xB73D, 0xB73D, 0xB73D, 0xB73D,
 0xB73D, 0xB73D, 0xB73D, 0xB73D, 0xB73D, 0xB73D, 0xB73D, 0xB73D, 0xB73D, 0xB73D, 0xB73D, 0xB73D, 0xB73D, 0xB73D, 0xB73D, 0xB73D,
 0xB73D, 0xB73D, 0xB73D, 0xB73D, 0xB73D, 0xB73D, 0xB73D, 0xB73D, 0xB73D, 0xB73D, 0xB73D, 0xB73D, 0xB73D, 0xB73D, 0xB73D, 0xB73D,
 0xB73D, 0xB73D, 0xB73D, 0xB73D, 0xB73D, 0xB73D, 0xB73D, 0xB73D, 0xB73D, 0xB73D, 0xB73D, 0xB73D, 0xB73D, 0xB73D, 0xB73D, 0xB73D,
 0xB73D, 0xB73D, 0xB73D, 0xB73D, 0xB73D, 0xB73D, 0xB73D, 0xB73D, 0xB73D, 0xB73D, 0xB73D, 0xB73D, 0xB73D, 0xB73D, 0xB73D, 0xB73D,
 0xB73D, 0xB73D, 0xB73D, 0xB73D, 0xB73D, 0xB73D, 0xB73D, 0xB73D, 0xB73D, 0xB73D, 0xB73D, 0xB73D, 0xB73D, 0xB73D, 0xB73D, 0xB73D,
 0xB73D, 0xB73D, 0xB73D, 0xB73D, 0xB73D, 0xB73D, 0xB73D, 0xB73D, 0xB73D, 0xB73D, 0xB73D, 0xB73D, 0xB73D, 0xB73D, 0xB73D, 0xB73D,
 0xB73D, 0xB73D, 0xB73D, 0xB73D, 0xB73D, 0xB73D, 0xB73D, 0xB73D, 0xB73D, 0xB73D, 0xB73D, 0xB73D, 0xB73D, 0xB73D, 0xB73D, 0xB73D,
 0xB73D, 0xB73D, 0xB73D, 0xB73D, 0xB73D, 0xB73D, 0xB73D, 0xB73D, 0xB73D, 0xB73D, 0xB73D, 0xB73D, 0xB73D, 0xB73D, 0xB73D, 0xB73D,
 0xB73D, 0xB73D, 0xB73D, 0xB73D, 0xB73D, 0xB73D, 0xB73D, 0xB73D, 0xB73D, 0xB73D, 0xB73D, 0xB73D, 0xB73D, 0xB73D, 0xB73D, 0xB73D,
 0xB73D, 0xB73D, 0xB73D, 0xB73D, 0xB73D, 0xB73D, 0xB73D, 0xB73D, 0xB73D, 0xB73D, 0xB73D, 0xB73D, 0xB73D, 0xB73D, 0xB73D, 0xB73D,
 0xB73D, 0xB73D, 0xB73D, 0xB73D, 0xB73D, 0xB73D, 0xB73D, 0xB73D, 0xB73D, 0xB73D, 0xB73D, 0xB73D, 0xB73D, 0xB73D, 0xB73D, 0xB73D,
 0xB73D, 0xB73D, 0xB73D, 0xB73D, 0xB73D, 0xB73D, 0xB73D, 0xB73D, 0xB73D, 0xB73D, 0xB73D, 0xB73D, 0xB73D, 0xB73D, 0xB73D, 0xB73D,
 0xB73D, 0xB73D, 0xB73D, 0xB73D, 0xB73D, 0xB73D, 0xB73D, 0xB73D, 0xB73D, 0xB73D, 0xB73D, 0xB73D, 0xB73D, 0xB73D, 0xB73D, 0xB73D,
 0xB73D, 0xB73D, 0xB73D, 0xB73D, 0xB73D, 0xB73D, 0xB73D, 0xB73D, 0xB73D, 0xB73D, 0xB73D, 0xB73D, 0xB73D, 0xB73D, 0xB73D, 0xB73D,
 0xB73D, 0xB73D, 0xB73D, 0xB73D, 0xB73D, 0xB73D, 0xB73D, 0xB73D, 0xB73D, 0xB73D, 0xB73D, 0xB73D, 0xB73D, 0xB73D, 0xB73D, 0xB73D,
 0xB73D, 0xB73D, 0xB73D, 0xB73D, 0xB73D, 0xB73D, 0xB73D, 0xB73D, 0xB73D, 0xB73D, 0xB73D, 0xB73D, 0xB73D, 0xB73D, 0xB73D, 0xB73D,
 0xB73D, 0xB73D, 0xB73D, 0xB73D, 0xB73D, 0xB73D, 0xB73D, 0xB73D, 0xB73D, 0xB73D, 0xB73D, 0xB73D, 0xB73D, 0xB73D, 0xB73D, 0xB73D,
 0xB73D, 0xB73D, 0xB73D, 0xB73D, 0xB73D, 0xB73D, 0xB73D, 0xB73D, 0xB73D, 0xB73D, 0xB73D, 0xB73D, 0xB73D, 0xB73D, 0xB73D, 0xB73D,
 0xB73D, 0xB73D, 0xB73D, 0xB73D, 0xB73D, 0xB73D, 0xB73D, 0xB73D, 0xB73D, 0xB73D, 0xB73D, 0xB73D, 0xB73D, 0xB73D, 0xB73D, 0xB73D,
 0xB73D, 0xB73D, 0xB73D, 0xB73D, 0xB73D, 0xB73D, 0xB73D, 0xB73D, 0xB73D, 0xB73D, 0xB73D, 0xB73D, 0xB73D, 0xB73D, 0xB73D, 0xB73D,
 0xB73D, 0xB73D, 0xB73D, 0xB73D, 0xB73D, 0xB73D, 0xB73D, 0xB73D, 0xB73D, 0xB73D, 0xB73D, 0xB73D, 0xB73D, 0xB73D, 0xB73D, 0xB73D,
 0xB73D, 0xB73D, 0xB73D, 0xB73D, 0xB73D, 0xB73D, 0xB73D, 0xB73D, 0xB73D, 0xB73D, 0xB73D, 0xB73D, 0xB73D, 0xB73D, 0xB73D, 0xB73D,
 0xB73D, 0xB73D, 0xB73D, 0xB73D, 0xB73D, 0xB73D, 0xB73D, 0xB73D, 0xB73D, 0xB73D, 0xB73D, 0xB73D, 0xB73D, 0xB73D, 0xB73D, 0xB73D,
 0xB73D, 0xB73D, 0xB73D, 0xB73D, 0xB73D, 0xB73D, 0xB73D, 0xB73D, 0xB73D, 0xB73D, 0xB73D, 0xB73D, 0xB73D, 0xB73D, 0xB73D, 0xB73D,
 0xB73D, 0xB73D, 0xB73D, 0xB73D, 0xB73D, 0xB73D, 0xB73D, 0xB73D, 0xB73D, 0xB73D, 0xB73D, 0xB73D, 0xB73D, 0xB73D, 0xB73D, 0xB73D,
 0xB73D, 0xB73D, 0xB73D, 0xB73D, 0xB73D, 0xB73D, 0xB73D, 0xB73D, 0xB73D, 0xB73D, 0xB73D, 0xB73D, 0xB73D, 0xB73D, 0xB73D, 0xB73D,
 0xB73D, 0xB73D, 0xB73D, 0xB73D, 0xB73D, 0xB73D, 0xB73D, 0xB73D, 0xB73D, 0xB73D, 0xB73D, 0xB73D, 0xB73D, 0xB73D, 0xB73D, 0xB73D,
 0xB73D, 0xB73D, 0xB73D, 0xB73D, 0xB73D, 0xB73D, 0xB73D, 0xB73D, 0xB73D, 0xB73D, 0xB73D, 0xB73D, 0xB73D, 0xB73D, 0xB73D, 0xB73D,
 0xB73D, 0xB73D, 0xB73D, 0xB73D, 0xB73D, 0xB73D, 0xB73D, 0xB73D, 0xB73D, 0xB73D, 0xB73D, 0xB73D, 0xB73D, 0xB73D, 0xB73D, 0xB73D,
 0xB73D, 0xB73D, 0xB73D, 0xB73D, 0xB73D, 0xB73D, 0xB73D, 0xB73D, 0xB73D, 0xB73D, 0xB73D, 0xB73D, 0xB73D, 0xB73D, 0xB73D, 0xB73D,
 0xB73D, 0xB73D, 0xB73D, 0xB73D, 0xB73D, 0xB73D, 0xB73D, 0xB73D, 0xB73D, 0xB73D, 0xB73D, 0xB73D, 0xB73D, 0xB73D, 0xB73D, 0xB73D,
 0xB73D, 0xB73D, 0xB73D, 0xB73D, 0xB73D, 0xB73D, 0xB73D, 0xB73D, 0xB73D, 0xB73D, 0xB73D, 0xB73D, 0xB73D, 0xB73D, 0xB73D, 0xB73D,
 0xB73D, 0xB73D, 0xB73D, 0xB73D, 0xB73D, 0xB73D, 0xB73D, 0xB73D, 0xB73D, 0xB73D, 0xB73D, 0xB73D, 0xB73D, 0xB73D, 0xB73D, 0xB73D,
 0xB73D, 0xB73D, 0xB73D, 0xB73D, 0xB73D, 0xB73D, 0xB73D, 0xB73D, 0xB73D, 0xB73D, 0xB73D, 0xB73D, 0xB73D, 0xB73D, 0xB73D, 0xB73D,
 0xB73D, 0xB73D, 0xB73D, 0xB73D, 0xB73D, 0xB73D, 0xB73D, 0xB73D, 0xB73D, 0xB73D, 0xB73D, 0xB73D, 0xB73D, 0xB73D, 0xB73D, 0xB73D,
 0xB73D, 0xB73D, 0xB73D, 0xB73D, 0xB73D, 0xB73D, 0xB73D, 0xB73D, 0xB73D, 0xB73D, 0xB73D, 0xB73D, 0xB73D, 0xB73D, 0xB73D, 0xB73D,
 0xB73D, 0xB73D, 0xB73D, 0xB73D, 0xB73D, 0xB73D, 0xB73D, 0xB73D, 0xB73D, 0xB73D, 0xB73D, 0xB73D, 0xB73D, 0xB73D, 0xB73D, 0xB73D,
 0xB73D, 0xB73D, 0xB73D, 0xB73D, 0xB73D, 0xB73D, 0xB73D, 0xB73D, 0xB73D, 0xB73D, 0xB73D, 0xB73D, 0xB73D, 0xB73D, 0xB73D, 0xB73D,
 0xB73D, 0xB73D, 0xB73D, 0xB73D, 0xB73D, 0xB73D, 0xB73D, 0xB73D, 0xB73D, 0xB73D, 0xB73D, 0xB73D, 0xB73D, 0xB73D, 0xB73D, 0xB73D,
 0xB73D, 0xB73D, 0xB73D, 0xB73D, 0xB73D, 0xB73D, 0xB73D, 0xB73D, 0xB73D, 0xB73D, 0xB73D, 0xB73D, 0xB73D, 0xB73D, 0xB73D, 0xB73D,
 0xB73D, 0xB73D, 0xB73D, 0xB73D, 0xB73D, 0xB73D, 0xB73D, 0xB73D, 0xB73D, 0xB73D, 0xB73D, 0xB73D, 0xB73D, 0xB73D, 0xB73D, 0xB73D,
 0xB73D, 0xB73D, 0xB73D, 0xB73D, 0xB73D, 0xB73D, 0xB73D, 0xB73D, 0xB73D, 0xB73D, 0xB73D, 0xB73D, 0xB73D, 0xB73D, 0xB73D, 0xB73D,
 0xB73D, 0xB73D, 0xB73D, 0xB73D, 0xB73D, 0xB73D, 0xB73D, 0xB73D, 0xB73D, 0xB73D, 0xB73D, 0xB73D, 0xB73D, 0xB73D, 0xB73D, 0xB73D,
 0xB73D, 0xB73D, 0xB73D, 0xB73D, 0xB73D, 0xB73D, 0xB73D, 0xB73D, 0xB73D, 0xB73D, 0xB73D, 0xB73D, 0xB73D, 0xB73D, 0xB73D, 0xB73D,
 0xB73D, 0xB73D, 0xB73D, 0xB73D, 0xB73D, 0xB73D, 0xB73D, 0xB73D, 0xB73D, 0xB73D, 0xB73D, 0xB73D, 0xB73D, 0xB73D, 0xB73D, 0xB73D,
 0xB73D, 0xB73D, 0xB73D, 0xB73D, 0xB73D, 0xB73D, 0xB73D, 0xB73D, 0xB73D, 0xB73D, 0xB73D, 0xB73D, 0xB73D, 0xB73D, 0xB73D, 0xB73D,
 0xB73D, 0xB73D, 0xB73D, 0xB73D, 0xB73D, 0xB73D, 0xB73D, 0xB73D, 0xB73D, 0xB73D, 0xB73D, 0xB73D, 0xB73D, 0xB73D, 0xB73D, 0xB73D,
 0xB73D, 0xB73D, 0xB73D, 0xB73D, 0xB73D, 0xB73D, 0xB73D, 0xB73D, 0xB73D, 0xB73D, 0xB73D, 0xB73D, 0xB73D, 0xB73D, 0xB73D, 0xB73D,
 0xB73D, 0xB73D, 0xB73D, 0xB73D, 0xB73D, 0xB73D, 0xB73D, 0xB73D, 0xB73D, 0xB73D, 0xB73D, 0xB73D, 0xB73D, 0xB73D, 0xB73D, 0xB73D,
 0xB73D, 0xB73D, 0xB73D, 0xB73D, 0xB73D, 0xB73D, 0xB73D, 0xB73D, 0xB73D, 0xB73D, 0xB73D, 0xB73D, 0xB73D, 0xB73D, 0xB73D, 0xB73D,
 0xB73D, 0xB73D, 0xB73D, 0xB73D, 0xB73D, 0xB73D, 0xB73D, 0xB73D, 0xB73D, 0xB73D, 0xB73D, 0xB73D, 0xB73D, 0xB73D, 0xB73D, 0xB73D,
 0xB73D, 0xB73D, 0xB73D, 0xB73D, 0xB73D, 0xB73D, 0xB73D, 0xB73D, 0xB73D, 0xB73D, 0xB73D, 0xB73D, 0xB73D, 0xB73D, 0xB73D, 0xB73D,
 0xB73D, 0xB73D, 0xB73D, 0xB73D, 0xB73D, 0xB73D, 0xB73D, 0xB73D, 0xB73D, 0xB73D, 0xB73D, 0xB73D, 0xB73D, 0xB73D, 0xB73D, 0xB73D,
 0xB73D, 0xB73D, 0xB73D, 0xB73D, 0xB73D, 0xB73D, 0xB73D, 0xB73D, 0xB73D, 0xB73D, 0xB73D, 0xB73D, 0xB73D, 0xB73D, 0xB73D, 0xB73D,
 0xB73D, 0xB73D, 0xB73D, 0xB73D, 0xB73D, 0xB73D, 0xB73D, 0xB73D, 0xB73D, 0xB73D, 0xB73D, 0xB73D, 0xB73D, 0xB73D, 0xB73D, 0xB73D,
 0xB73D, 0xB73D, 0xB73D, 0xB73D, 0xB73D, 0xB73D, 0xB73D, 0xB73D, 0xB73D, 0xB73D, 0xB73D, 0xB73D, 0xB73D, 0xB73D, 0xB73D, 0xB73D,
 0xB73D, 0xB73D, 0xB73D, 0xB73D, 0xB73D, 0xB73D, 0xB73D, 0xB73D, 0xB73D, 0xB73D, 0xB73D, 0xB73D, 0xB73D, 0xB73D, 0xB73D, 0xB73D,
 0xB73D, 0xB73D, 0xB73D, 0xB73D, 0xB73D, 0xB73D, 0xB73D, 0xB73D, 0xB73D, 0xB73D, 0xB73D, 0xB73D, 0xB73D, 0xB73D, 0xB73D, 0xB73D,
 0xB73D, 0xB73D, 0xB73D, 0xB73D, 0xB73D, 0xB73D, 0xB73D, 0xB73D, 0xB73D, 0xB73D, 0xB73D, 0xB73D, 0xB73D, 0xB73D, 0xB73D, 0xB73D,
 0xB73D, 0xB73D, 0xB73D, 0xB73D, 0xB73D, 0xB73D, 0xB73D, 0xB73D, 0xB73D, 0xB73D, 0xB73D, 0xB73D, 0xB73D, 0xB73D, 0xB73D, 0xB73D,
 0xB73D, 0xB73D, 0xB73D, 0xB73D, 0xB73D, 0xB73D, 0xB73D, 0xB73D, 0xB73D, 0xB73D, 0xB73D, 0xB73D, 0xB73D, 0xB73D, 0xB73D, 0xB73D,
 0xB73D, 0xB73D, 0xB73D, 0xB73D, 0xB73D, 0xB73D, 0xB73D, 0xB73D, 0xB73D, 0xB73D, 0xB73D, 0xB73D, 0xB73D, 0xB73D, 0xB73D, 0xB73D,
 0xB73D, 0xB73D, 0xB73D, 0xB73D, 0xB73D, 0xB73D, 0xB73D, 0xB71D, 0xB73D, 0xB73D, 0xB73D, 0xB73D, 0xB73D, 0xB73D, 0xB73D, 0xB73D,
 0xB73D, 0xB73D, 0xB73D, 0xB73D, 0xB73D, 0xB73D, 0xB73D, 0xB73D, 0xB73D, 0xB73D, 0xB73D, 0xB73D, 0xB73D, 0xB73D, 0xB73D, 0xB73D,
 0xB73D, 0xB73D, 0xB73D, 0xB73D, 0xB73D, 0xB73D, 0xB73D, 0xB73D, 0xB73D, 0xB73D, 0xB73D, 0xB73D, 0xB73D, 0xB73D, 0xB73D, 0xB73D,
 0xB73D, 0xB73D, 0xB73D, 0xB73D, 0xB73D, 0xB73D, 0xB73D, 0xB73D, 0xB73D, 0xB73D, 0xB73D, 0xB73D, 0xB73D, 0xB73D, 0xB73D, 0xB73D,
 0xB73D, 0xB73D, 0xB73D, 0xB73D, 0xB73D, 0xB73D, 0xB73D, 0xB73D, 0xB73D, 0xB73D, 0xB73D, 0xB73D, 0xB73D, 0xB73D, 0xB73D, 0xB73D,
 0xB73D, 0xB73D, 0xB73D, 0xB73D, 0xB73D, 0xB73D, 0xB73D, 0xB73D, 0xB73D, 0xB73D, 0xB73D, 0xB73D, 0xB73D, 0xB73D, 0xB73D, 0xB73D,
 0xB73D, 0xB73D, 0xB73D, 0xB73D, 0xB73D, 0xB73D, 0xB73D, 0xB73D, 0xB73D, 0xB73D, 0xB73D, 0xB73D, 0xB73D, 0xB73D, 0xB73D, 0xB73D,
 0xB73D, 0xB73D, 0xB73D, 0xB73D, 0xB73D, 0xB73D, 0xB73D, 0xB73D, 0xB73D, 0xB73D, 0xB73D, 0xB73D, 0xB73D, 0xB73D, 0xB73D, 0xB73D,
 0xB73D, 0xB73D, 0xB73D, 0xB73D, 0xB73D, 0xB73D, 0xB73D, 0xB73D, 0xB73D, 0xB73D, 0xB73D, 0xB73D, 0xB73D, 0xB73D, 0xB73D, 0xB73D,
 0xB73D, 0xB73D, 0xB73D, 0xB73D, 0xB71D, 0xB73D, 0xB73D, 0xB73D, 0xB73D, 0xB73D, 0xB73D, 0xB73D, 0xB73D, 0xB73D, 0xB73D, 0xB73D,
 0xB73D, 0xB73D, 0xB73D, 0xB73D, 0xB73D, 0xB73D, 0xB73D, 0xB73D, 0xB73D, 0xB73D, 0xB73D, 0xB73D, 0xB73D, 0xB73D, 0xB73D, 0xB73D,
 0xB73D, 0xB73D, 0xB73D, 0xB73D, 0xB71D, 0xB73D, 0xB71D, 0xB73D, 0xB73D, 0xB73D, 0xB73D, 0xB73D, 0xB73D, 0xB73D, 0xB73D, 0xB73D,
 0xB73D, 0xB73D, 0xB73D, 0xB73D, 0xB73D, 0xB73D, 0xB73D, 0xB73D, 0xB73D, 0xB73D, 0xB73D, 0xB73D, 0xB73D, 0xB73D, 0xB73D, 0xB73D,
 0xB73D, 0xB73D, 0xB73D, 0xB73D, 0xB73D, 0xB73D, 0xB73D, 0xB73D, 0xB73D, 0xB73D, 0xB73D, 0xB73D, 0xB73D, 0xB73D, 0xB73D, 0xB73D,
 0xB73D, 0xB73D, 0xB73D, 0xB73D, 0xB73D, 0xB73D, 0xB73D, 0xB73D, 0xB73D, 0xB73D, 0xB73D, 0xB73D, 0xB73D, 0xB73D, 0xB73D, 0xB73D,
 0xB73D, 0xB73D, 0xB73D, 0xB73D, 0xB73D, 0xB73D, 0xB73D, 0xB73D, 0xB73D, 0xB73D, 0xB73D, 0xB73D, 0xB73D, 0xB73D, 0xB73D, 0xB73D,
 0xB71D, 0xB73D, 0xB73D, 0xB73D, 0xB73D, 0xB73D, 0xB73D, 0xB73D, 0xB73D, 0xB73D, 0xB73D, 0xB73D, 0xB73D, 0xB73D, 0xB73D, 0xB73D,
 0xB73D, 0xB73D, 0xB73D, 0xB73D, 0xB73D, 0xB73D, 0xB73D, 0xB73D, 0xB73D, 0xB73D, 0xB73D, 0xB73D, 0xB73D, 0xB73D, 0xB73D, 0xB73D,
 0xB73D, 0xB73D, 0xB73D, 0xB73D, 0xB73D, 0xB73D, 0xB73D, 0xB73D, 0xB73D, 0xB73D, 0xB73D, 0xB73D, 0xB73D, 0xB73D, 0xB73D, 0xB73D,
 0xB73D, 0xB73D, 0xB73D, 0xB73D, 0xB73D, 0xB73D, 0xB73D, 0xB73D, 0xB73D, 0xB73D, 0xB73D, 0xB73D, 0xB73D, 0xB73D, 0xB73D, 0xB73D,
 0xB73D, 0xB73D, 0xB73D, 0xB71D, 0xB73D, 0xB73D, 0xB73D, 0xB73D, 0xB73D, 0xB73D, 0xB73D, 0xB73D, 0xB73D, 0xB73D, 0xB73D, 0xB73D,
 0xB73D, 0xB73D, 0xB73D, 0xB73D, 0xB73D, 0xB73D, 0xB73D, 0xB73D, 0xB73D, 0xB73D, 0xB73D, 0xB73D, 0xB73D, 0xB73D, 0xB73D, 0xB73D,
 0xB73D, 0xB73D, 0xB73D, 0xB71D, 0xB73D, 0xB73D, 0xB73D, 0xB73D, 0xB73D, 0xB73D, 0xB73D, 0xB73D, 0xB73D, 0xB73D, 0xB73D, 0xB73D,
 0xB73D, 0xB73D, 0xB73D, 0xB73D, 0xB73D, 0xB73D, 0xB73D, 0xB73D, 0xB73D, 0xB73D, 0xB73D, 0xB73D, 0xB73D, 0xB73D, 0xB73D, 0xB73D,
 0xB73D, 0xB73D, 0xB73D, 0xB73D, 0xB73D, 0xB73D, 0xB73D, 0xB73D, 0xB73D, 0xB73D, 0xB73D, 0xB73D, 0xB73D, 0xB73D, 0xB73D, 0xB73D,
 0xB73D, 0xB73D, 0xB73D, 0xB73D, 0xB73D, 0xB73D, 0xB73D, 0xB73D, 0xB73D, 0xB73D, 0xB73D, 0xB73D, 0xB73D, 0xB73D, 0xB73D, 0xB73D,
 0xB73D, 0xB73D, 0xB73D, 0xB73D, 0xB73D, 0xB73D, 0xB73D, 0xB73D, 0xB73D, 0xB73D, 0xB73D, 0xB73D, 0xB73D, 0xB73D, 0xB71D, 0xB73D,
 0xB73D, 0xB73D, 0xB73D, 0xB73D, 0xB71D, 0xB73D, 0xB73D, 0xB73D, 0xB73D, 0xB73D, 0xB73D, 0xB73D, 0xB73D, 0xB73D, 0xB73D, 0xB73D,
 0xB73D, 0xB73D, 0xB73D, 0xB73D, 0xB73D, 0xB73D, 0xB73D, 0xB73D, 0xB73D, 0xB73D, 0xB73D, 0xB73D, 0xB73D, 0xB73D, 0xB73D, 0xB73D,
 0xB73D, 0xB73D, 0xB73D, 0xB73D, 0xB73D, 0xB73D, 0xB73D, 0xB73D, 0xB73D, 0xB73D, 0xB73D, 0xB73D, 0xB73D, 0xB73D, 0xB73D, 0xB73D,
 0xB73D, 0xB73D, 0xB73D, 0xB73D, 0xB73D, 0xB73D, 0xB73D, 0xB73D, 0xB73D, 0xB73D, 0xB73D, 0xB73D, 0xB73D, 0xB73D, 0xB73D, 0xB73D,
 0xB73D, 0xB73D, 0xB73D, 0xB73D, 0xB73D, 0xB73D, 0xB73D, 0xB73D, 0xB73D, 0xB73D, 0xB73D, 0xB73D, 0xB73D, 0xB73D, 0xB73D, 0xB73D,
 0xB73D, 0xB73D, 0xB73D, 0xB73D, 0xB73D, 0xB73D, 0xB73D, 0xB73D, 0xB73D, 0xB73D, 0xB73D, 0xB73D, 0xB73D, 0xB73D, 0xB73D, 0xB73D,
 0xB73D, 0xB73D, 0xB73D, 0xB73D, 0xB71D, 0xB73D, 0xB73D, 0xB73D, 0xB73D, 0xB73D, 0xB73D, 0xB73D, 0xB73D, 0xB73D, 0xB73D, 0xB73D,
 0xB71D, 0xB73D, 0xB73D, 0xB73D, 0xB73D, 0xB73D, 0xB73D, 0xB73D, 0xB73D, 0xB73D, 0xB73D, 0xB73D, 0xB73D, 0xB73D, 0xB73D, 0xB73D,
 0xB71D, 0xB73D, 0xB73D, 0xB71D, 0xB73D, 0xB73D, 0xB73D, 0xB73D, 0xB73D, 0xB73D, 0xB73D, 0xB73D, 0xB73D, 0xB73D, 0xB73D, 0xB73D,
 0xB73D, 0xB73D, 0xB73D, 0xB73D, 0xB73D, 0xB73D, 0xB73D, 0xB73D, 0xB73D, 0xB73D, 0xB73D, 0xB73D, 0xB73D, 0xB73D, 0xB73D, 0xB73D,
 0xB73D, 0xB73D, 0xB73D, 0xB73D, 0xB73D, 0xB73D, 0xB73D, 0xB73D, 0xB73D, 0xB73D, 0xB73D, 0xB71D, 0xB73D, 0xB73D, 0xB73D, 0xB73D,
 0xB73D, 0xB73D, 0xB73D, 0xB73D, 0xB73D, 0xB73D, 0xB73D, 0xB73D, 0xB73D, 0xB73D, 0xB73D, 0xB73D, 0xB73D, 0xB73D, 0xB73D, 0xB73D,
 0xB73D, 0xB73D, 0xB73D, 0xB73D, 0xB73D, 0xB73D, 0xB73D, 0xB73D, 0xB73D, 0xB73D, 0xB73D, 0xB73D, 0xB73D, 0xB73D, 0xB73D, 0xB73D,
 0xB73D, 0xB73D, 0xB73D, 0xB73D, 0xB73D, 0xB73D, 0xB73D, 0xB73D, 0xB73D, 0xB73D, 0xB71D, 0xB73D, 0xB73D, 0xB73D, 0xB73D, 0xB73D,
 0xB73D, 0xB73D, 0xB73D, 0xB73D, 0xB73D, 0xB73D, 0xB73D, 0xB73D, 0xB73D, 0xB71D, 0xB73D, 0xB73D, 0xB73D, 0xB73D, 0xB73D, 0xB73D,
 0xB73D, 0xB73D, 0xB73D, 0xB73D, 0xB73D, 0xB73D, 0xB73D, 0xB73D, 0xB73D, 0xB73D, 0xB73D, 0xB73D, 0xB73D, 0xB73D, 0xAF3D, 0xB73D,
 0xB73D, 0xB73D, 0xB73D, 0xB73D, 0xB73D, 0xB73D, 0xB73D, 0xB73D, 0xB73D, 0xB73D, 0xB73D, 0xB73D, 0xB73D, 0xB73D, 0xB73D, 0xB73D,
 0xB73D, 0xB73D, 0xB73D, 0xB73D, 0xB73D, 0xB73D, 0xB73D, 0xB73D, 0xB73D, 0xB73D, 0xB73D, 0xB73D, 0xB73D, 0xB73D, 0xB73D, 0xB73D,
 0xB73D, 0xB73D, 0xB73D, 0xB71D, 0xB73D, 0xB73D, 0xB73D, 0xB73D, 0xB73D, 0xB73D, 0xB73D, 0xB73D, 0xB73D, 0xB73D, 0xB73D, 0xB73D,
 0xB73D, 0xB73D, 0xB73D, 0xB73D, 0xB73D, 0xB73D, 0xB73D, 0xB73D, 0xB73D, 0xB73D, 0xB73D, 0xB73D, 0xB73D, 0xB73D, 0xB73D, 0xB73D,
 0xB73D, 0xB73D, 0xB73D, 0xB73D, 0xB73D, 0xB73D, 0xB73D, 0xB71D, 0xB73D, 0xB73D, 0xB73D, 0xB73D, 0xB73D, 0xB73D, 0xB73D, 0xB73D,
 0xB73D, 0xB73D, 0xB73D, 0xB73D, 0xB73D, 0xB73D, 0xB73D, 0xB73D, 0xB73D, 0xB73D, 0xB73D, 0xB73D, 0xB73D, 0xB73D, 0xB71D, 0xB73D,
 0xB73D, 0xB73D, 0xB73D, 0xB73D, 0xB73D, 0xB73D, 0xB73D, 0xB73D, 0xB73D, 0xB73D, 0xB73D, 0xB73D, 0xB73D, 0xB73D, 0xB73D, 0xB73D,
 0xB73D, 0xB73D, 0xB73D, 0xB73D, 0xB73D, 0xB73D, 0xB73D, 0xB73D, 0xB73D, 0xB73D, 0xB73D, 0xB73D, 0xB73D, 0xB73D, 0xB73D, 0xB73D,
 0xB73D, 0xB73D, 0xB73D, 0xB73D, 0xB73D, 0xB73D, 0xB73D, 0xB73D, 0xB73D, 0xB73D, 0xB73D, 0xB73D, 0xB73D, 0xB73D, 0xB73D, 0xB73D,
 0xB73D, 0xB73D, 0xB73D, 0xB73D, 0xB73D, 0xB73D, 0xB73D, 0xB73D, 0xB73D, 0xB73D, 0xB73D, 0xB73D, 0xB73D, 0xB73D, 0xB73D, 0xB73D,
 0xB73D, 0xB73D, 0xB73D, 0xB73D, 0xB73D, 0xB73D, 0xB73D, 0xB73D, 0xB73D, 0xB73D, 0xB73D, 0xB73D, 0xB73D, 0xB73D, 0xB73D, 0xB73D,
 0xB73D, 0xB73D, 0xB73D, 0xB73D, 0xB73D, 0xB73D, 0xB73D, 0xB73D, 0xB73D, 0xB73D, 0xB73D, 0xB73D, 0xB73D, 0xB73D, 0xB73D, 0xB73D,
 0xB73D, 0xB73D, 0xB73D, 0xB73D, 0xB73D, 0xB73D, 0xB73D, 0xB73D, 0xB73D, 0xB73D, 0xB73D, 0xB73D, 0xB73D, 0xB73D, 0xB73D, 0xB73D,
 0xB73D, 0xB73D, 0xB73D, 0xB73D, 0xB73D, 0xB73D, 0xB73D, 0xB73D, 0xB73D, 0xB73D, 0xB73D, 0xB73D, 0xB73D, 0xB73D, 0xB73D, 0xB73D,
 0xB73D, 0xB73D, 0xB73D, 0xB73D, 0xB73D, 0xB73D, 0xB73D, 0xB71D, 0xB73D, 0xB73D, 0xB71D, 0xB73D, 0xB73D, 0xB71D, 0xB73D, 0xB73D,
 0xB73D, 0xB73D, 0xB73D, 0xB73D, 0xB73D, 0xB73D, 0xB73D, 0xB73D, 0xB73D, 0xB73D, 0xB73D, 0xB73D, 0xB73D, 0xB73D, 0xB73D, 0xB73D,
 0xB73D, 0xB73D, 0xB73D, 0xB73D, 0xB73D, 0xB73D, 0xB73D, 0xB73D, 0xB73D, 0xB73D, 0xB73D, 0xB73D, 0xB73D, 0xB73D, 0xB73D, 0xB73D,
 0xB73D, 0xB73D, 0xB71D, 0xB73D, 0xB73D, 0xB73D, 0xB73D, 0xB73D, 0xB73D, 0xB73D, 0xB73D, 0xB73D, 0xB71D, 0xB73D, 0xB73D, 0xB73D,
 0xB73D, 0xB73D, 0xB73D, 0xB73D, 0xB73D, 0xB73D, 0xB73D, 0xB73D, 0xB73D, 0xB73D, 0xB73D, 0xB73D, 0xB71D, 0xB73D, 0xB73D, 0xB73D,
 0xB73D, 0xB73D, 0xB73D, 0xB73D, 0xB73D, 0xB73D, 0xB73D, 0xB73D, 0xB73D, 0xB73D, 0xB73D, 0xB73D, 0xB73D, 0xB73D, 0xB73D, 0xB73D,
 0xB73D, 0xB73D, 0xB73D, 0xB73D, 0xB73D, 0xB73D, 0xB73D, 0xB73D, 0xB73D, 0xB73D, 0xB73D, 0xB73D, 0xB73D, 0xB73D, 0xB73D, 0xB73D,
 0xB73D, 0xB73D, 0xB73D, 0xB73D, 0xB73D, 0xB73D, 0xB73D, 0xB73D, 0xB73D, 0xB73D, 0xB73D, 0xB73D, 0xB73D, 0xB73D, 0xB73D, 0xB73D,
 0xB73D, 0xB73D, 0xB73D, 0xB73D, 0xB73D, 0xB73D, 0xB73D, 0xB73D, 0xB73D, 0xB73D, 0xB73D, 0xB73D, 0xB71D, 0xB73D, 0xB73D, 0xB73D,
 0xB73D, 0xB73D, 0xB73D, 0xB73D, 0xB73D, 0xB73D, 0xB73D, 0xB73D, 0xB73D, 0xB73D, 0xB73D, 0xB73D, 0xB73D, 0xB73D, 0xB73D, 0xB73D,
 0xB73D, 0xB73D, 0xB73D, 0xB73D, 0xB73D, 0xB73D, 0xB73D, 0xB73D, 0xB73D, 0xB73D, 0xB73D, 0xB73D, 0xB73D, 0xB73D, 0xB73D, 0xB73D,
 0xB73D, 0xB73D, 0xB73D, 0xB73D, 0xB73D, 0xB73D, 0xB73D, 0xB73D, 0xB73D, 0xB73D, 0xB73D, 0xB73D, 0xB73D, 0xB73D, 0xB73D, 0xB73D,
 0xB73D, 0xB73D, 0xB73D, 0xB73D, 0xB73D, 0xB73D, 0xB73D, 0xB73D, 0xB73D, 0xB73D, 0xB73D, 0xB73D, 0xB73D, 0xB73D, 0xB73D, 0xB73D,
 0xB73D, 0xB73D, 0xB73D, 0xB73D, 0xB73D, 0xB73D, 0xB73D, 0xB73D, 0xB73D, 0xB73D, 0xB73D, 0xB73D, 0xB73D, 0xB73D, 0xB73D, 0xB73D,
 0xB73D, 0xB73D, 0xB73D, 0xB73D, 0xB73D, 0xB73D, 0xB73D, 0xB73D, 0xB73D, 0xB73D, 0xB73D, 0xB73D, 0xB73D, 0xB73D, 0xB71D, 0xB73D,
 0xB73D, 0xB73D, 0xB73D, 0xB73D, 0xB73D, 0xB73D, 0xB73D, 0xB73D, 0xB73D, 0xB73D, 0xB73D, 0xB73D, 0xB73D, 0xB73D, 0xB73D, 0xB73D,
 0xB73D, 0xB73D, 0xB73D, 0xB73D, 0xB73D, 0xB73D, 0xB73D, 0xB73D, 0xB73D, 0xB73D, 0xB73D, 0xB73D, 0xB73D, 0xB73D, 0xB73D, 0xB73D,
 0xB73D, 0xB73D, 0xB73D, 0xB73D, 0xB73D, 0xB73D, 0xB73D, 0xB73D, 0xB73D, 0xB73D, 0xB73D, 0xB73D, 0xB73D, 0xB73D, 0xB73D, 0xB73D,
 0xB73D, 0xB73D, 0xB73D, 0xB73D, 0xB73D, 0xB73D, 0xB73D, 0xB73D, 0xB73D, 0xB73D, 0xB73D, 0xB73D, 0xB73D, 0xB73D, 0xB73D, 0xB73D,
 0xB73D, 0xB73D, 0xB73D, 0xB73D, 0xB73D, 0xB73D, 0xB73D, 0xB73D, 0xB73D, 0xB73D, 0xB73D, 0xB73D, 0xB71D, 0xB73D, 0xB73D, 0xB73D,
 0xB73D, 0xB73D, 0xB73D, 0xB73D, 0xB73D, 0xB73D, 0xB73D, 0xB73D, 0xB73D, 0xB73D, 0xB73D, 0xB73D, 0xB73D, 0xB73D, 0xB73D, 0xB73D,
 0xB73D, 0xB73D, 0xB73D, 0xB73D, 0xB73D, 0xB73D, 0xB73D, 0xB73D, 0xB73D, 0xB73D, 0xB73D, 0xB73D, 0xB73D, 0xB73D, 0xB73D, 0xB73D,
 0xB73D, 0xB73D, 0xB73D, 0xB73D, 0xB73D, 0xB73D, 0xB73D, 0xAF1D, 0xBF5E, 0xB73D, 0xB73D, 0xB73D, 0xB73D, 0xB73D, 0xB73D, 0xB73D,
 0xB73D, 0xB73D, 0xB73D, 0xB73D, 0xB73D, 0xB73D, 0xB73D, 0xB73D, 0xB73D, 0xB73D, 0xB73D, 0xB73D, 0xB73D, 0xB73D, 0xB73D, 0xB73D,
 0xB73D, 0xB73D, 0xB73D, 0xB73D, 0xB73D, 0xB73D, 0xB73D, 0xB73D, 0xB73D, 0xB73D, 0xB73D, 0xB73D, 0xB73D, 0xB73D, 0xB73D, 0xB73D,
 0xB73D, 0xB73D, 0xB73D, 0xB73D, 0xB73D, 0xB73D, 0xFFFF, 0xFFFF, 0xFFFF, 0xFFFF, 0xFFFF, 0xFFFF, 0xFFFF, 0xFFFF, 0xFFFF, 0xFFFF,
 0xFFFF, 0xFFFF, 0xFFFF, 0xFFFF, 0xFFFF, 0xFFFF, 0xFFFF, 0xFFFF, 0xFFFF, 0xFFFF, 0xFFFF, 0xFFFF, 0xFFFF, 0xFFFF, 0xFFFF, 0xFFFF,
 0xFFFF, 0xFFFF, 0xFFFF, 0xFFFF, 0xFFFF, 0xFFFF, 0xFFFF, 0xFFFF, 0xFFFF, 0xFFFF, 0xFFFF, 0xFFFF, 0xFFFF, 0xFFFF, 0xFFFF, 0xFFFF,
 0xFFFF, 0xFFFF, 0xFFFF, 0xFFFF, 0xFFFF, 0xFFFF, 0xFFFF, 0xFFFF, 0xFFFF, 0xFFFF, 0xFFFF, 0xFFFF, 0xFFFF, 0xFFFF, 0xFFFF, 0xFFFF,
 0xFFFF, 0xFFFF, 0xFFFF, 0xFFFF, 0xFFFF, 0xFFFF, 0xFFFF, 0xFFFF, 0xFFFF, 0xFFFF, 0xFFFF, 0xFFFF, 0xFFFF, 0xFFFF, 0xFFFF, 0xFFFF,
 0xFFFF, 0xFFFF, 0xFFFF, 0xFFFF, 0xFFFF, 0xFFFF, 0xFFFF, 0xFFFF, 0xFFFF, 0xFFFF, 0xFFFF, 0xFFFF, 0xFFFF, 0xFFFF, 0xFFFF, 0xFFFF,
 0xFFFF, 0xFFFF, 0xFFFF, 0xFFFF, 0xFFFF, 0xFFFF, 0xFFFF, 0xFFFF, 0xFFFF, 0xFFFF, 0xFFFF, 0xFFFF, 0xFFFF, 0xFFFF, 0xFFFF, 0xFFFF,
 0xFFFF, 0xFFFF, 0xFFFF, 0xFFFF, 0xFFFF, 0xFFFF, 0xFFFF, 0xFFFF, 0xFFFF, 0xFFFF, 0xFFFF, 0xFFFF, 0xFFFF, 0xFFFF, 0xFFFF, 0xFFFF,
 0xFFFF, 0xFFFF, 0xFFFF, 0xFFFF, 0xFFFF, 0xFFFF, 0xFFFF, 0xFFFF, 0xFFFF, 0xFFFF, 0xFFFF, 0xFFFF, 0xFFFF, 0xFFFF, 0xFFFF, 0xFFFF,
 0xFFFF, 0xFFFF, 0xB73D, 0xB73D, 0xB73D, 0xB73D, 0xAF1D, 0xB73D, 0xAF1D, 0xAF1D, 0xB73D, 0xB73D, 0xB73D, 0xB73D, 0xB73D, 0xB73D,
 0xB73D, 0xB73D, 0xB73D, 0xB73D, 0xB73D, 0xB73D, 0xB73D, 0xB73D, 0xB73D, 0xB73D, 0xB73D, 0xB73D, 0xB73D, 0xB73D, 0xB73D, 0xB73D,
 0xB73D, 0xB73D, 0xB73D, 0xB73D, 0xB73D, 0xB73D, 0xB73D, 0xB73D, 0xB73D, 0xB73D, 0xB71D, 0xB73D, 0xB73D, 0xB73D, 0xB73D, 0xB73D,
 0xB73D, 0xB73D, 0xB73D, 0xB73D, 0xB73D, 0xB73D, 0xB73D, 0xB73D, 0xB73D, 0xB73D, 0xB73D, 0xB73D, 0xB73D, 0xB73D, 0xB73D, 0xB73D,
 0xB73D, 0xB73D, 0xB73D, 0xB73D, 0xB73D, 0xB73D, 0xB73D, 0xB73D, 0xB73D, 0xB73D, 0xB73D, 0xB73D, 0xB73D, 0xB73D, 0xB73D, 0xB73D,
 0xB73D, 0xB73D, 0xB73D, 0xB73D, 0xB73D, 0xB73D, 0xB73D, 0xB73D, 0xB73D, 0xB73D, 0xB73D, 0xB73D, 0xB73D, 0xB73D, 0xB73D, 0xB73D,
 0xB73D, 0xB73D, 0xB73D, 0xB73D, 0xB73D, 0xB73D, 0xB73D, 0xB73D, 0xB73D, 0xB73D, 0xB73D, 0xB73D, 0xB73D, 0xB73D, 0xB73D, 0xB73D,
 0xB73D, 0xB73D, 0xB73D, 0xB73D, 0xB73D, 0xB73D, 0xB73D, 0xB73D, 0xB73D, 0xB73D, 0xB73D, 0xB73D, 0xB73D, 0xB73D, 0xB73D, 0xB73D,
 0xB73D, 0xB73D, 0xB73D, 0xB73D, 0xB73D, 0xB73D, 0xB73D, 0xB73D, 0xB71D, 0xB73D, 0xB73D, 0xB73D, 0xB73D, 0xB73D, 0xB73D, 0xB73D,
 0xB73D, 0xB73D, 0xB73D, 0xB73D, 0xB73D, 0xB73D, 0xB73D, 0xB73D, 0xB73D, 0xB73D, 0xB73D, 0xB73D, 0xB73D, 0xB73D, 0xB73D, 0xB73D,
 0xB73D, 0xB73D, 0xB73D, 0xB73D, 0xB73D, 0xB73D, 0xB73D, 0xB73D, 0xB73D, 0xB73D, 0xB73D, 0xB73D, 0xB73D, 0xB73D, 0xB73D, 0xB73D,
 0xB73D, 0xB73D, 0xB73D, 0xB73D, 0xB73D, 0xB73D, 0xB73D, 0xB73D, 0xB73D, 0xB73D, 0xB73D, 0xB73D, 0xB73D, 0xB73D, 0xB73D, 0xB73D,
 0xB73D, 0xB73D, 0xB73D, 0xB73D, 0xB73D, 0xB73D, 0xB73D, 0xB73D, 0xB73D, 0xB73D, 0xB73D, 0xB73D, 0xB73D, 0xB73D, 0xB73D, 0xB73D,
 0xB73D, 0xB73D, 0xB73D, 0xB73D, 0xB73D, 0xB73D, 0xB73D, 0xB73D, 0xB73D, 0xB73D, 0xB73D, 0xB71D, 0xB73D, 0xB73D, 0xB73D, 0xB73D,
 0xB73D, 0xB73D, 0xB73D, 0xB73D, 0xB73D, 0xB73D, 0xB73D, 0xB73D, 0xB73D, 0xB73D, 0xB73D, 0xB73D, 0xB73D, 0xB73D, 0xB73D, 0xB73D,
 0xB73D, 0xB73D, 0xB73D, 0xB73D, 0xB73D, 0xB73D, 0xB73D, 0xB73D, 0xB73D, 0xB73D, 0xB73D, 0xB71D, 0xB73D, 0xB73D, 0xB73D, 0xB73D,
 0xB73D, 0xB73D, 0xB73D, 0xB73D, 0xB73D, 0xB73D, 0xB73D, 0xB73D, 0xB73D, 0xB73D, 0xB73D, 0xB73D, 0xB73D, 0xB73D, 0xB73D, 0xB73D,
 0xB73D, 0xB73D, 0xB73D, 0xB73D, 0xB73D, 0xB73D, 0xB73D, 0xB73D, 0xB73D, 0xB73D, 0xB73D, 0xB73D, 0xB73D, 0xB73D, 0xB73D, 0xB73D,
 0xB73D, 0xB73D, 0xB73D, 0xB73D, 0xB73D, 0xB73D, 0xB73D, 0xB73D, 0xB73D, 0xB73D, 0xB73D, 0xB73D, 0xB73D, 0xB73D, 0xB73D, 0xB73D,
 0xB73D, 0xB73D, 0xB73D, 0xB73D, 0xB73D, 0xB73D, 0xB73D, 0xB73D, 0xB73D, 0xB73D, 0xB73D, 0xB73D, 0xB73D, 0xB73D, 0xB73D, 0xB71D,
 0xB73D, 0xB73D, 0xB73D, 0xB73D, 0xB73D, 0xB73D, 0xB73D, 0xB73D, 0xB73D, 0xB73D, 0xB73D, 0xB73D, 0xB73D, 0xB73D, 0xB73D, 0xB73D,
 0xB73D, 0xB73D, 0xB73D, 0xB73D, 0xB73D, 0xB73D, 0xB73D, 0xB73D, 0xB73D, 0xB73D, 0xB73D, 0xB73D, 0xB71D, 0xB73D, 0xB73D, 0xB73D,
 0xB73D, 0xB73D, 0xB73D, 0xB71D, 0xB73D, 0xB71D, 0xB73D, 0xB73D, 0xB73D, 0xB73D, 0xB73D, 0xB73D, 0xB73D, 0xB73D, 0xB73D, 0xB73D,
 0xB73D, 0xB73D, 0xB73D, 0xB73D, 0xB73D, 0xB73D, 0xB73D, 0xB73D, 0xB73D, 0xB73D, 0xB73D, 0xB73D, 0xB73D, 0xB73D, 0xB71D, 0xB73D,
 0xB73D, 0xB73D, 0xB73D, 0xB73D, 0xB73D, 0xB73D, 0xB73D, 0xB73D, 0xB73D, 0xB73D, 0xB73D, 0xB73D, 0xB73D, 0xB73D, 0xB73D, 0xB73D,
 0xB73D, 0xB73D, 0xB73D, 0xB73D, 0xB73D, 0xB73D, 0xB73D, 0xB73D, 0xB73D, 0xB73D, 0xB73D, 0xB73D, 0xB73D, 0xB73D, 0xB73D, 0xB73D,
 0xB71D, 0xB73D, 0xB73D, 0xB73D, 0xB73D, 0xB73D, 0xB73D, 0xB73D, 0xB73D, 0xB73D, 0xB73D, 0xB73D, 0xB73D, 0xB73D, 0xB73D, 0xB73D,
 0xB73D, 0xB73D, 0xB73D, 0xB73D, 0xB73D, 0xB73D, 0xB73D, 0xB73D, 0xB73D, 0xB73D, 0xB73D, 0xB73D, 0xB73D, 0xB73D, 0xB73D, 0xB73D,
 0xB73D, 0xB73D, 0xB71D, 0xB73D, 0xB73D, 0xB73D, 0xB73D, 0xB73D, 0xB73D, 0xB73D, 0xB73D, 0xB73D, 0xB73D, 0xB73D, 0xB73D, 0xB73D,
 0xB73D, 0xB73D, 0xB73D, 0xB73D, 0xB73D, 0xB73D, 0xB73D, 0xB73D, 0xB73D, 0xB73D, 0xB73D, 0xB73D, 0xB73D, 0xB73D, 0xB73D, 0xB73D,
 0xB73D, 0xB73D, 0xB73D, 0xB73D, 0xB73D, 0xB73D, 0xB73D, 0xB73D, 0xB73D, 0xB73D, 0xB73D, 0xB73D, 0xB73D, 0xB73D, 0xB73D, 0xB73D,
 0xB73D, 0xB73D, 0xB73D, 0xB73D, 0xB73D, 0xB73D, 0xB73D, 0xB73D, 0xB73D, 0xB73D, 0xB73D, 0xB73D, 0xB73D, 0xB73D, 0xB73D, 0xB73D,
 0xB73D, 0xB73D, 0xB73D, 0xB73D, 0xB73D, 0xB73D, 0xB73D, 0xB73D, 0xB73D, 0xB73D, 0xB73D, 0xB73D, 0xB73D, 0xB73D, 0xB73D, 0xB71D,
 0xB73D, 0xB73D, 0xB73D, 0xB73D, 0xB73D, 0xB73D, 0xB73D, 0xB73D, 0xB73D, 0xB73D, 0xB73D, 0xB73D, 0xB73D, 0xB73D, 0xB73D, 0xB73D,
 0xB73D, 0xB73D, 0xB73D, 0xB73D, 0xB73D, 0xB73D, 0xB73D, 0xB73D, 0xB73D, 0xB73D, 0xB71D, 0xB73D, 0xB71D, 0xB73D, 0xB73D, 0xB73D,
 0xB73D, 0xB71D, 0xB73D, 0xB73D, 0xB73D, 0xB73D, 0xB71D, 0xB73D, 0xB73D, 0xB73D, 0xB73D, 0xB73D, 0xB73D, 0xB73D, 0xB73D, 0xB73D,
 0xB73D, 0xB73D, 0xB73D, 0xB73D, 0xB73D, 0xB73D, 0xB73D, 0xB73D, 0xB73D, 0xB73D, 0xB73D, 0xB73D, 0xB73D, 0xB73D, 0xB73D, 0xB73D,
 0xB71D, 0xB73D, 0xB71D, 0xB73D, 0xB73D, 0xB73D, 0xB73D, 0xB73D, 0xB73D, 0xB73D, 0xB73D, 0xB73D, 0xB73D, 0xB73D, 0xB73D, 0xB73D,
 0xB73D, 0xB73D, 0xB73D, 0xB73D, 0xB73D, 0xB73D, 0xB73D, 0xB73D, 0xB73D, 0xB73D, 0xB73D, 0xB73D, 0xB73D, 0xB73D, 0xB73D, 0xB73D,
 0xB73D, 0xB73D, 0xB73D, 0xB73D, 0xB73D, 0xB73D, 0xB73D, 0xB73D, 0xB73D, 0xB73D, 0xB73D, 0xB73D, 0xB73D, 0xB73D, 0xB73D, 0xB73D,
 0xB73D, 0xB73D, 0xB73D, 0xB73D, 0xB73D, 0xB73D, 0xB73D, 0xB73D, 0xB73D, 0xB73D, 0xB73D, 0xB73D, 0xB73D, 0xB73D, 0xB73D, 0xB73D,
 0xB73D, 0xB73D, 0xB73D, 0xB73D, 0xB73D, 0xB73D, 0xB73D, 0xB73D, 0xB73D, 0xB73D, 0xB73D, 0xAF1D, 0xAF1D, 0xAF1D, 0xAF1D, 0xAF1D,
 0xAF1D, 0xAF1D, 0xAF1D, 0xAF1D, 0xAF1D, 0xAF1D, 0xAF1D, 0xAF1D, 0xAF1D, 0xAF1D, 0xAF1D, 0xAF1D, 0xAF1D, 0xAF1D, 0xAF1D, 0xAF1D,
 0xAF1D, 0xAF1D, 0xB73D, 0xB73D, 0xB73D, 0xB73D, 0xB73D, 0xB73D, 0xB73D, 0xAF1D, 0xAF1D, 0xAF1D, 0xAF1D, 0xAF1D, 0xA71D, 0xA71D,
 0xA71D, 0xA71D, 0xA71D, 0xA71D, 0xA71D, 0xA71D, 0xA71D, 0xA71D, 0xA71D, 0xA71D, 0xA71D, 0xA71D, 0xA71D, 0xA71D, 0xA71D, 0xA71D,
 0xA71D, 0xA71D, 0xA71D, 0xA71D, 0xA71D, 0xA71D, 0xA71D, 0xA71D, 0xA71D, 0xA71D, 0xA71D, 0xA71D, 0xA71D, 0xA71D, 0xA71D, 0xA71D,
 0xA71D, 0xA71D, 0xA71D, 0xA71D, 0xA71D, 0xA71D, 0xA71D, 0xA71D, 0xA71D, 0xA71D, 0xA71D, 0xA71D, 0xA71D, 0xA71D, 0xA71D, 0xA71D,
 0xA71D, 0xA71D, 0xA71D, 0xA71D, 0xA71D, 0xA71D, 0xA71D, 0xA71D, 0xA71D, 0xA71D, 0xA71D, 0xA71D, 0xA71D, 0xA71D, 0xA71D, 0xA71D,
 0xA71D, 0xA71D, 0xA71D, 0xA71D,
};




#endif /* __images_h */
